Workbook

Sheet BIData
A2: =IFERROR(IF(0=LEN(ReferenceData!$A$2),"",ReferenceData!$A$2),"") -> Description | B2: =IFERROR(IF(0=LEN(ReferenceData!$B$2),"",ReferenceData!$B$2),"") -> Ticker | C2: =IFERROR(IF(0=LEN(ReferenceData!$C$2),"",ReferenceData!$C$2),"") -> Field ID | D2: =IFERROR(IF(0=LEN(ReferenceData!$D$2),"",ReferenceData!$D$2),"") -> Field Mnemonic | E2: =IFERROR(IF(0=LEN(ReferenceData!$E$2),"",ReferenceData!$E$2),"") -> Data State | F2: =IFERROR(IF(0=LEN(ReferenceData!$AO$2),"",ReferenceData!$AO$2),"") -> 2017 Q1 | G2: =IFERROR(IF(0=LEN(ReferenceData!$AN$2),"",ReferenceData!$AN$2),"") -> 2017 Q2 | H2: =IFERROR(IF(0=LEN(ReferenceData!$AM$2),"",ReferenceData!$AM$2),"") -> 2017 Q3 | I2: =IFERROR(IF(0=LEN(ReferenceData!$AL$2),"",ReferenceData!$AL$2),"") -> 2017 Q4 | J2: =IFERROR(IF(0=LEN(ReferenceData!$AK$2),"",ReferenceData!$AK$2),"") -> 2018 Q1 | K2: =IFERROR(IF(0=LEN(ReferenceData!$AJ$2),"",ReferenceData!$AJ$2),"") -> 2018 Q2 | L2: =IFERROR(IF(0=LEN(ReferenceData!$AI$2),"",ReferenceData!$AI$2),"") -> 2018 Q3 | M2: =IFERROR(IF(0=LEN(ReferenceData!$AH$2),"",ReferenceData!$AH$2),"") -> 2018 Q4 | N2: =IFERROR(IF(0=LEN(ReferenceData!$AG$2),"",ReferenceData!$AG$2),"") -> 2019 Q1 | O2: =IFERROR(IF(0=LEN(ReferenceData!$AF$2),"",ReferenceData!$AF$2),"") -> 2019 Q2 | P2: =IFERROR(IF(0=LEN(ReferenceData!$AE$2),"",ReferenceData!$AE$2),"") -> 2019 Q3 | Q2: =IFERROR(IF(0=LEN(ReferenceData!$AD$2),"",ReferenceData!$AD$2),"") -> 2019 Q4 | R2: =IFERROR(IF(0=LEN(ReferenceData!$AC$2),"",ReferenceData!$AC$2),"") -> 2020 Q1 | S2: =IFERROR(IF(0=LEN(ReferenceData!$AB$2),"",ReferenceData!$AB$2),"") -> 2020 Q2 | T2: =IFERROR(IF(0=LEN(ReferenceData!$AA$2),"",ReferenceData!$AA$2),"") -> 2020 Q3 | U2: =IFERROR(IF(0=LEN(ReferenceData!$Z$2),"",ReferenceData!$Z$2),"") -> 2020 Q4 | V2: =IFERROR(IF(0=LEN(ReferenceData!$Y$2),"",ReferenceData!$Y$2),"") -> 2021 Q1 | W2: =IFERROR(IF(0=LEN(ReferenceData!$X$2),"",ReferenceData!$X$2),"") -> 2021 Q2 | X2: =IFERROR(IF(0=LEN(ReferenceData!$W$2),"",ReferenceData!$W$2),"") -> 2021 Q3 | Y2: =IFERROR(IF(0=LEN(ReferenceData!$V$2),"",ReferenceData!$V$2),"") -> 2021 Q4 | Z2: =IFERROR(IF(0=LEN(ReferenceData!$U$2),"",ReferenceData!$U$2),"") -> 2022 Q1 | AA2: =IFERROR(IF(0=LEN(ReferenceData!$T$2),"",ReferenceData!$T$2),"") -> 2022 Q2 | AB2: =IFERROR(IF(0=LEN(ReferenceData!$S$2),"",ReferenceData!$S$2),"") -> 2022 Q3 | AC2: =IFERROR(IF(0=LEN(ReferenceData!$R$2),"",ReferenceData!$R$2),"") -> 2022 Q4 | AD2: =IFERROR(IF(0=LEN(ReferenceData!$Q$2),"",ReferenceData!$Q$2),"") -> 2023 Q1 | AE2: =IFERROR(IF(0=LEN(ReferenceData!$P$2),"",ReferenceData!$P$2),"") -> 2023 Q2 | AF2: =IFERROR(IF(0=LEN(ReferenceData!$O$2),"",ReferenceData!$O$2),"") -> 2023 Q3 | AG2: =IFERROR(IF(0=LEN(ReferenceData!$N$2),"",ReferenceData!$N$2),"") -> 2023 Q4 | AH2: =IFERROR(IF(0=LEN(ReferenceData!$M$2),"",ReferenceData!$M$2),"") -> 2024 Q1 | AI2: =IFERROR(IF(0=LEN(ReferenceData!$L$2),"",ReferenceData!$L$2),"") -> 2024 Q2 | AJ2: =IFERROR(IF(0=LEN(ReferenceData!$K$2),"",ReferenceData!$K$2),"") -> 2024 Q3 | AK2: =IFERROR(IF(0=LEN(ReferenceData!$J$2),"",ReferenceData!$J$2),"") -> 2024 Q4 | AL2: =IFERROR(IF(0=LEN(ReferenceData!$I$2),"",ReferenceData!$I$2),"") -> 2025 Q1 | AM2: =IFERROR(IF(0=LEN(ReferenceData!$H$2),"",ReferenceData!$H$2),"") -> 2025 Q2 | AN2: =IFERROR(IF(0=LEN(ReferenceData!$G$2),"",ReferenceData!$G$2),"") -> 2025 Q3 | AO2: =IFERROR(IF(0=LEN(ReferenceData!$F$2),"",ReferenceData!$F$2),"") -> 2025 Q4
A3: =IFERROR(IF(0=LEN(ReferenceData!$A$3),"",ReferenceData!$A$3),"") -> SPX Index Buyback Program Announcements (B$) | B3: =IFERROR(IF(0=LEN(ReferenceData!$B$3),"",ReferenceData!$B$3),"") | C3: =IFERROR(IF(0=LEN(ReferenceData!$C$3),"",ReferenceData!$C$3),"") | D3: =IFERROR(IF(0=LEN(ReferenceData!$D$3),"",ReferenceData!$D$3),"") | E3: =IFERROR(IF(0=LEN(ReferenceData!$E$3),"",ReferenceData!$E$3),"") -> Static | F3: =IFERROR(IF(0=LEN(ReferenceData!$AO$3),"",ReferenceData!$AO$3),"") -> 82.714319 | G3: =IFERROR(IF(0=LEN(ReferenceData!$AN$3),"",ReferenceData!$AN$3),"") -> 207.36028 | H3: =IFERROR(IF(0=LEN(ReferenceData!$AM$3),"",ReferenceData!$AM$3),"") -> 62.861166 | I3: =IFERROR(IF(0=LEN(ReferenceData!$AL$3),"",ReferenceData!$AL$3),"") -> 165.02029 | J3: =IFERROR(IF(0=LEN(ReferenceData!$AK$3),"",ReferenceData!$AK$3),"") -> 187.68782 | K3: =IFERROR(IF(0=LEN(ReferenceData!$AJ$3),"",ReferenceData!$AJ$3),"") -> 417.68612 | L3: =IFERROR(IF(0=LEN(ReferenceData!$AI$3),"",ReferenceData!$AI$3),"") -> 144.2893 | M3: =IFERROR(IF(0=LEN(ReferenceData!$AH$3),"",ReferenceData!$AH$3),"") -> 209.9238 | N3: =IFERROR(IF(0=LEN(ReferenceData!$AG$3),"",ReferenceData!$AG$3),"") -> 214.44461 | O3: =IFERROR(IF(0=LEN(ReferenceData!$AF$3),"",ReferenceData!$AF$3),"") -> 257.74179 | P3: =IFERROR(IF(0=LEN(ReferenceData!$AE$3),"",ReferenceData!$AE$3),"") -> 143.53531 | Q3: =IFERROR(IF(0=LEN(ReferenceData!$AD$3),"",ReferenceData!$AD$3),"") -> 114.1614 | R3: =IFERROR(IF(0=LEN(ReferenceData!$AC$3),"",ReferenceData!$AC$3),"") -> 121.8862 | S3: =IFERROR(IF(0=LEN(ReferenceData!$AB$3),"",ReferenceData!$AB$3),"") -> 59.731739 | T3: =IFERROR(IF(0=LEN(ReferenceData!$AA$3),"",ReferenceData!$AA$3),"") -> 61.605488 | U3: =IFERROR(IF(0=LEN(ReferenceData!$Z$3),"",ReferenceData!$Z$3),"") -> 159.78713 | V3: =IFERROR(IF(0=LEN(ReferenceData!$Y$3),"",ReferenceData!$Y$3),"") -> 246.14246 | W3: =IFERROR(IF(0=LEN(ReferenceData!$X$3),"",ReferenceData!$X$3),"") -> 367.30354 | X3: =IFERROR(IF(0=LEN(ReferenceData!$W$3),"",ReferenceData!$W$3),"") -> 186.63899 | Y3: =IFERROR(IF(0=LEN(ReferenceData!$V$3),"",ReferenceData!$V$3),"") -> 280.48714 | Z3: =IFERROR(IF(0=LEN(ReferenceData!$U$3),"",ReferenceData!$U$3),"") -> 245.46491 | AA3: =IFERROR(IF(0=LEN(ReferenceData!$T$3),"",ReferenceData!$T$3),"") -> 398.74144 | AB3: =IFERROR(IF(0=LEN(ReferenceData!$S$3),"",ReferenceData!$S$3),"") -> 176.00299 | AC3: =IFERROR(IF(0=LEN(ReferenceData!$R$3),"",ReferenceData!$R$3),"") -> 240.62458 | AD3: =IFERROR(IF(0=LEN(ReferenceData!$Q$3),"",ReferenceData!$Q$3),"") -> 315.48766 | AE3: =IFERROR(IF(0=LEN(ReferenceData!$P$3),"",ReferenceData!$P$3),"") -> 252.09484 | AF3: =IFERROR(IF(0=LEN(ReferenceData!$O$3),"",ReferenceData!$O$3),"") -> 148.0682 | AG3: =IFERROR(IF(0=LEN(ReferenceData!$N$3),"",ReferenceData!$N$3),"") -> 197.44256 | AH3: =IFERROR(IF(0=LEN(ReferenceData!$M$3),"",ReferenceData!$M$3),"") -> 261.91253 | AI3: =IFERROR(IF(0=LEN(ReferenceData!$L$3),"",ReferenceData!$L$3),"") -> 352.59508 | AJ3: =IFERROR(IF(0=LEN(ReferenceData!$K$3),"",ReferenceData!$K$3),"") -> 240.0716 | AK3: =IFERROR(IF(0=LEN(ReferenceData!$J$3),"",ReferenceData!$J$3),"") -> 272.7271 | AL3: =IFERROR(IF(0=LEN(ReferenceData!$I$3),"",ReferenceData!$I$3),"") -> 302.50473 | AM3: =IFERROR(IF(0=LEN(ReferenceData!$H$3),"",ReferenceData!$H$3),"") -> 402.81508 | AN3: =IFERROR(IF(0=LEN(ReferenceData!$G$3),"",ReferenceData!$G$3),"") -> 363.3533 | AO3: =IFERROR(IF(0=LEN(ReferenceData!$F$3),"",ReferenceData!$F$3),"") -> 159.9674
A4: =IFERROR(IF(0=LEN(ReferenceData!$A$4),"",ReferenceData!$A$4),"") -> Latest Update: 6/26 | B4: =IFERROR(IF(0=LEN(ReferenceData!$B$4),"",ReferenceData!$B$4),"") | C4: =IFERROR(IF(0=LEN(ReferenceData!$C$4),"",ReferenceData!$C$4),"") | D4: =IFERROR(IF(0=LEN(ReferenceData!$D$4),"",ReferenceData!$D$4),"") | E4: =IFERROR(IF(0=LEN(ReferenceData!$E$4),"",ReferenceData!$E$4),"") -> Static | F4: =IFERROR(IF(0=LEN(ReferenceData!$AO$4),"",ReferenceData!$AO$4),"") | G4: =IFERROR(IF(0=LEN(ReferenceData!$AN$4),"",ReferenceData!$AN$4),"") | H4: =IFERROR(IF(0=LEN(ReferenceData!$AM$4),"",ReferenceData!$AM$4),"") | I4: =IFERROR(IF(0=LEN(ReferenceData!$AL$4),"",ReferenceData!$AL$4),"") | J4: =IFERROR(IF(0=LEN(ReferenceData!$AK$4),"",ReferenceData!$AK$4),"") | K4: =IFERROR(IF(0=LEN(ReferenceData!$AJ$4),"",ReferenceData!$AJ$4),"") | L4: =IFERROR(IF(0=LEN(ReferenceData!$AI$4),"",ReferenceData!$AI$4),"") | M4: =IFERROR(IF(0=LEN(ReferenceData!$AH$4),"",ReferenceData!$AH$4),"") | N4: =IFERROR(IF(0=LEN(ReferenceData!$AG$4),"",ReferenceData!$AG$4),"") | O4: =IFERROR(IF(0=LEN(ReferenceData!$AF$4),"",ReferenceData!$AF$4),"") | P4: =IFERROR(IF(0=LEN(ReferenceData!$AE$4),"",ReferenceData!$AE$4),"") | Q4: =IFERROR(IF(0=LEN(ReferenceData!$AD$4),"",ReferenceData!$AD$4),"") | R4: =IFERROR(IF(0=LEN(ReferenceData!$AC$4),"",ReferenceData!$AC$4),"") | S4: =IFERROR(IF(0=LEN(ReferenceData!$AB$4),"",ReferenceData!$AB$4),"") | T4: =IFERROR(IF(0=LEN(ReferenceData!$AA$4),"",ReferenceData!$AA$4),"") | U4: =IFERROR(IF(0=LEN(ReferenceData!$Z$4),"",ReferenceData!$Z$4),"") | V4: =IFERROR(IF(0=LEN(ReferenceData!$Y$4),"",ReferenceData!$Y$4),"") | W4: =IFERROR(IF(0=LEN(ReferenceData!$X$4),"",ReferenceData!$X$4),"") | X4: =IFERROR(IF(0=LEN(ReferenceData!$W$4),"",ReferenceData!$W$4),"") | Y4: =IFERROR(IF(0=LEN(ReferenceData!$V$4),"",ReferenceData!$V$4),"") | Z4: =IFERROR(IF(0=LEN(ReferenceData!$U$4),"",ReferenceData!$U$4),"") | AA4: =IFERROR(IF(0=LEN(ReferenceData!$T$4),"",ReferenceData!$T$4),"") | AB4: =IFERROR(IF(0=LEN(ReferenceData!$S$4),"",ReferenceData!$S$4),"") | AC4: =IFERROR(IF(0=LEN(ReferenceData!$R$4),"",ReferenceData!$R$4),"") | AD4: =IFERROR(IF(0=LEN(ReferenceData!$Q$4),"",ReferenceData!$Q$4),"") | AE4: =IFERROR(IF(0=LEN(ReferenceData!$P$4),"",ReferenceData!$P$4),"") | AF4: =IFERROR(IF(0=LEN(ReferenceData!$O$4),"",ReferenceData!$O$4),"") | AG4: =IFERROR(IF(0=LEN(ReferenceData!$N$4),"",ReferenceData!$N$4),"") | AH4: =IFERROR(IF(0=LEN(ReferenceData!$M$4),"",ReferenceData!$M$4),"") | AI4: =IFERROR(IF(0=LEN(ReferenceData!$L$4),"",ReferenceData!$L$4),"") | AJ4: =IFERROR(IF(0=LEN(ReferenceData!$K$4),"",ReferenceData!$K$4),"") | AK4: =IFERROR(IF(0=LEN(ReferenceData!$J$4),"",ReferenceData!$J$4),"") | AL4: =IFERROR(IF(0=LEN(ReferenceData!$I$4),"",ReferenceData!$I$4),"") | AM4: =IFERROR(IF(0=LEN(ReferenceData!$H$4),"",ReferenceData!$H$4),"") | AN4: =IFERROR(IF(0=LEN(ReferenceData!$G$4),"",ReferenceData!$G$4),"") | AO4: =IFERROR(IF(0=LEN(ReferenceData!$F$4),"",ReferenceData!$F$4),"")
A5: =IFERROR(IF(0=LEN(ReferenceData!$A$5),"",ReferenceData!$A$5),"") -> Communication Services | B5: =IFERROR(IF(0=LEN(ReferenceData!$B$5),"",ReferenceData!$B$5),"") | C5: =IFERROR(IF(0=LEN(ReferenceData!$C$5),"",ReferenceData!$C$5),"") | D5: =IFERROR(IF(0=LEN(ReferenceData!$D$5),"",ReferenceData!$D$5),"") | E5: =IFERROR(IF(0=LEN(ReferenceData!$E$5),"",ReferenceData!$E$5),"") -> Static | F5: =IFERROR(IF(0=LEN(ReferenceData!$AO$5),"",ReferenceData!$AO$5),"") -> 6.3090012 | G5: =IFERROR(IF(0=LEN(ReferenceData!$AN$5),"",ReferenceData!$AN$5),"") -> 1.2000003 | H5: =IFERROR(IF(0=LEN(ReferenceData!$AM$5),"",ReferenceData!$AM$5),"") | I5: =IFERROR(IF(0=LEN(ReferenceData!$AL$5),"",ReferenceData!$AL$5),"") | J5: =IFERROR(IF(0=LEN(ReferenceData!$AK$5),"",ReferenceData!$AK$5),"") -> 9.1398702 | K5: =IFERROR(IF(0=LEN(ReferenceData!$AJ$5),"",ReferenceData!$AJ$5),"") -> 11.399996 | L5: =IFERROR(IF(0=LEN(ReferenceData!$AI$5),"",ReferenceData!$AI$5),"") | M5: =IFERROR(IF(0=LEN(ReferenceData!$AH$5),"",ReferenceData!$AH$5),"") -> 8.9999954 | N5: =IFERROR(IF(0=LEN(ReferenceData!$AG$5),"",ReferenceData!$AG$5),"") -> 2.7499996 | O5: =IFERROR(IF(0=LEN(ReferenceData!$AF$5),"",ReferenceData!$AF$5),"") | P5: =IFERROR(IF(0=LEN(ReferenceData!$AE$5),"",ReferenceData!$AE$5),"") -> 2.5 | Q5: =IFERROR(IF(0=LEN(ReferenceData!$AD$5),"",ReferenceData!$AD$5),"") -> 2.1000003 | R5: =IFERROR(IF(0=LEN(ReferenceData!$AC$5),"",ReferenceData!$AC$5),"") -> 15.944002 | S5: =IFERROR(IF(0=LEN(ReferenceData!$AB$5),"",ReferenceData!$AB$5),"") | T5: =IFERROR(IF(0=LEN(ReferenceData!$AA$5),"",ReferenceData!$AA$5),"") -> 28 | U5: =IFERROR(IF(0=LEN(ReferenceData!$Z$5),"",ReferenceData!$Z$5),"") -> 2.6000001 | V5: =IFERROR(IF(0=LEN(ReferenceData!$Y$5),"",ReferenceData!$Y$5),"") -> 29 | W5: =IFERROR(IF(0=LEN(ReferenceData!$X$5),"",ReferenceData!$X$5),"") -> 67.000002 | X5: =IFERROR(IF(0=LEN(ReferenceData!$W$5),"",ReferenceData!$W$5),"") -> 2.0000002 | Y5: =IFERROR(IF(0=LEN(ReferenceData!$V$5),"",ReferenceData!$V$5),"") -> 51.36784 | Z5: =IFERROR(IF(0=LEN(ReferenceData!$U$5),"",ReferenceData!$U$5),"") -> 4.0625786 | AA5: =IFERROR(IF(0=LEN(ReferenceData!$T$5),"",ReferenceData!$T$5),"") -> 70.0125 | AB5: =IFERROR(IF(0=LEN(ReferenceData!$S$5),"",ReferenceData!$S$5),"") -> 36.600003 | AC5: =IFERROR(IF(0=LEN(ReferenceData!$R$5),"",ReferenceData!$R$5),"") -> 5.5 | AD5: =IFERROR(IF(0=LEN(ReferenceData!$Q$5),"",ReferenceData!$Q$5),"") -> 43.35 | AE5: =IFERROR(IF(0=LEN(ReferenceData!$P$5),"",ReferenceData!$P$5),"") -> 71 | AF5: =IFERROR(IF(0=LEN(ReferenceData!$O$5),"",ReferenceData!$O$5),"") -> 19 | AG5: =IFERROR(IF(0=LEN(ReferenceData!$N$5),"",ReferenceData!$N$5),"") -> 10 | AH5: =IFERROR(IF(0=LEN(ReferenceData!$M$5),"",ReferenceData!$M$5),"") -> 105.976 | AI5: =IFERROR(IF(0=LEN(ReferenceData!$L$5),"",ReferenceData!$L$5),"") -> 75 | AJ5: =IFERROR(IF(0=LEN(ReferenceData!$K$5),"",ReferenceData!$K$5),"") | AK5: =IFERROR(IF(0=LEN(ReferenceData!$J$5),"",ReferenceData!$J$5),"") -> 15.5 | AL5: =IFERROR(IF(0=LEN(ReferenceData!$I$5),"",ReferenceData!$I$5),"") -> 41.155 | AM5: =IFERROR(IF(0=LEN(ReferenceData!$H$5),"",ReferenceData!$H$5),"") -> 70 | AN5: =IFERROR(IF(0=LEN(ReferenceData!$G$5),"",ReferenceData!$G$5),"") -> 6.8 | AO5: =IFERROR(IF(0=LEN(ReferenceData!$F$5),"",ReferenceData!$F$5),"") -> 2
A6: =IFERROR(IF(0=LEN(ReferenceData!$A$6),"",ReferenceData!$A$6),"") -> Consumer Discretionary | B6: =IFERROR(IF(0=LEN(ReferenceData!$B$6),"",ReferenceData!$B$6),"") | C6: =IFERROR(IF(0=LEN(ReferenceData!$C$6),"",ReferenceData!$C$6),"") | D6: =IFERROR(IF(0=LEN(ReferenceData!$D$6),"",ReferenceData!$D$6),"") | E6: =IFERROR(IF(0=LEN(ReferenceData!$E$6),"",ReferenceData!$E$6),"") -> Static | F6: =IFERROR(IF(0=LEN(ReferenceData!$AO$6),"",ReferenceData!$AO$6),"") -> 39.579597 | G6: =IFERROR(IF(0=LEN(ReferenceData!$AN$6),"",ReferenceData!$AN$6),"") -> 3.2000001 | H6: =IFERROR(IF(0=LEN(ReferenceData!$AM$6),"",ReferenceData!$AM$6),"") -> 23.49005 | I6: =IFERROR(IF(0=LEN(ReferenceData!$AL$6),"",ReferenceData!$AL$6),"") -> 23.164297 | J6: =IFERROR(IF(0=LEN(ReferenceData!$AK$6),"",ReferenceData!$AK$6),"") -> 18.748299 | K6: =IFERROR(IF(0=LEN(ReferenceData!$AJ$6),"",ReferenceData!$AJ$6),"") -> 32.199699 | L6: =IFERROR(IF(0=LEN(ReferenceData!$AI$6),"",ReferenceData!$AI$6),"") -> 5.3500001 | M6: =IFERROR(IF(0=LEN(ReferenceData!$AH$6),"",ReferenceData!$AH$6),"") -> 14.000002 | N6: =IFERROR(IF(0=LEN(ReferenceData!$AG$6),"",ReferenceData!$AG$6),"") -> 38.988898 | O6: =IFERROR(IF(0=LEN(ReferenceData!$AF$6),"",ReferenceData!$AF$6),"") -> 19.6 | P6: =IFERROR(IF(0=LEN(ReferenceData!$AE$6),"",ReferenceData!$AE$6),"") -> 2.5000003 | Q6: =IFERROR(IF(0=LEN(ReferenceData!$AD$6),"",ReferenceData!$AD$6),"") -> 21.861198 | R6: =IFERROR(IF(0=LEN(ReferenceData!$AC$6),"",ReferenceData!$AC$6),"") -> 20.428101 | S6: =IFERROR(IF(0=LEN(ReferenceData!$AB$6),"",ReferenceData!$AB$6),"") | T6: =IFERROR(IF(0=LEN(ReferenceData!$AA$6),"",ReferenceData!$AA$6),"") | U6: =IFERROR(IF(0=LEN(ReferenceData!$Z$6),"",ReferenceData!$Z$6),"") -> 18.3 | V6: =IFERROR(IF(0=LEN(ReferenceData!$Y$6),"",ReferenceData!$Y$6),"") -> 16.168251 | W6: =IFERROR(IF(0=LEN(ReferenceData!$X$6),"",ReferenceData!$X$6),"") -> 31.630719 | X6: =IFERROR(IF(0=LEN(ReferenceData!$W$6),"",ReferenceData!$W$6),"") -> 8.3499988 | Y6: =IFERROR(IF(0=LEN(ReferenceData!$V$6),"",ReferenceData!$V$6),"") -> 21.628 | Z6: =IFERROR(IF(0=LEN(ReferenceData!$U$6),"",ReferenceData!$U$6),"") -> 47.5849 | AA6: =IFERROR(IF(0=LEN(ReferenceData!$T$6),"",ReferenceData!$T$6),"") -> 28.8962 | AB6: =IFERROR(IF(0=LEN(ReferenceData!$S$6),"",ReferenceData!$S$6),"") -> 19.4 | AC6: =IFERROR(IF(0=LEN(ReferenceData!$R$6),"",ReferenceData!$R$6),"") -> 25.649497 | AD6: =IFERROR(IF(0=LEN(ReferenceData!$Q$6),"",ReferenceData!$Q$6),"") -> 24.005003 | AE6: =IFERROR(IF(0=LEN(ReferenceData!$P$6),"",ReferenceData!$P$6),"") -> 7.4136 | AF6: =IFERROR(IF(0=LEN(ReferenceData!$O$6),"",ReferenceData!$O$6),"") -> 15.6 | AG6: =IFERROR(IF(0=LEN(ReferenceData!$N$6),"",ReferenceData!$N$6),"") -> 34.92944 | AH6: =IFERROR(IF(0=LEN(ReferenceData!$M$6),"",ReferenceData!$M$6),"") -> 25.204 | AI6: =IFERROR(IF(0=LEN(ReferenceData!$L$6),"",ReferenceData!$L$6),"") -> 12.0662 | AJ6: =IFERROR(IF(0=LEN(ReferenceData!$K$6),"",ReferenceData!$K$6),"") -> 9.4 | AK6: =IFERROR(IF(0=LEN(ReferenceData!$J$6),"",ReferenceData!$J$6),"") -> 22.65 | AL6: =IFERROR(IF(0=LEN(ReferenceData!$I$6),"",ReferenceData!$I$6),"") -> 48.19078 | AM6: =IFERROR(IF(0=LEN(ReferenceData!$H$6),"",ReferenceData!$H$6),"") -> 15.5 | AN6: =IFERROR(IF(0=LEN(ReferenceData!$G$6),"",ReferenceData!$G$6),"") -> 17.66475 | AO6: =IFERROR(IF(0=LEN(ReferenceData!$F$6),"",ReferenceData!$F$6),"") -> 11.3
A7: =IFERROR(IF(0=LEN(ReferenceData!$A$7),"",ReferenceData!$A$7),"") -> Consumer Staples | B7: =IFERROR(IF(0=LEN(ReferenceData!$B$7),"",ReferenceData!$B$7),"") | C7: =IFERROR(IF(0=LEN(ReferenceData!$C$7),"",ReferenceData!$C$7),"") | D7: =IFERROR(IF(0=LEN(ReferenceData!$D$7),"",ReferenceData!$D$7),"") | E7: =IFERROR(IF(0=LEN(ReferenceData!$E$7),"",ReferenceData!$E$7),"") -> Static | F7: =IFERROR(IF(0=LEN(ReferenceData!$AO$7),"",ReferenceData!$AO$7),"") -> 3.4999999 | G7: =IFERROR(IF(0=LEN(ReferenceData!$AN$7),"",ReferenceData!$AN$7),"") -> 8.0000012 | H7: =IFERROR(IF(0=LEN(ReferenceData!$AM$7),"",ReferenceData!$AM$7),"") -> 1.0000001 | I7: =IFERROR(IF(0=LEN(ReferenceData!$AL$7),"",ReferenceData!$AL$7),"") -> 23.100003 | J7: =IFERROR(IF(0=LEN(ReferenceData!$AK$7),"",ReferenceData!$AK$7),"") -> 27.249998 | K7: =IFERROR(IF(0=LEN(ReferenceData!$AJ$7),"",ReferenceData!$AJ$7),"") -> 19.500003 | L7: =IFERROR(IF(0=LEN(ReferenceData!$AI$7),"",ReferenceData!$AI$7),"") -> 1.2000002 | M7: =IFERROR(IF(0=LEN(ReferenceData!$AH$7),"",ReferenceData!$AH$7),"") -> 5.4976 | N7: =IFERROR(IF(0=LEN(ReferenceData!$AG$7),"",ReferenceData!$AG$7),"") -> 8.379002 | O7: =IFERROR(IF(0=LEN(ReferenceData!$AF$7),"",ReferenceData!$AF$7),"") -> 4 | P7: =IFERROR(IF(0=LEN(ReferenceData!$AE$7),"",ReferenceData!$AE$7),"") -> 12.330002 | Q7: =IFERROR(IF(0=LEN(ReferenceData!$AD$7),"",ReferenceData!$AD$7),"") -> 3.1000004 | R7: =IFERROR(IF(0=LEN(ReferenceData!$AC$7),"",ReferenceData!$AC$7),"") -> 0.50000008 | S7: =IFERROR(IF(0=LEN(ReferenceData!$AB$7),"",ReferenceData!$AB$7),"") | T7: =IFERROR(IF(0=LEN(ReferenceData!$AA$7),"",ReferenceData!$AA$7),"") -> 11.999999 | U7: =IFERROR(IF(0=LEN(ReferenceData!$Z$7),"",ReferenceData!$Z$7),"") -> 4.5781506 | V7: =IFERROR(IF(0=LEN(ReferenceData!$Y$7),"",ReferenceData!$Y$7),"") -> 33.460405 | W7: =IFERROR(IF(0=LEN(ReferenceData!$X$7),"",ReferenceData!$X$7),"") -> 13.750001 | X7: =IFERROR(IF(0=LEN(ReferenceData!$W$7),"",ReferenceData!$W$7),"") -> 26.549998 | Y7: =IFERROR(IF(0=LEN(ReferenceData!$V$7),"",ReferenceData!$V$7),"") -> 6.8648499 | Z7: =IFERROR(IF(0=LEN(ReferenceData!$U$7),"",ReferenceData!$U$7),"") -> 15.2 | AA7: =IFERROR(IF(0=LEN(ReferenceData!$T$7),"",ReferenceData!$T$7),"") -> 7.6040015 | AB7: =IFERROR(IF(0=LEN(ReferenceData!$S$7),"",ReferenceData!$S$7),"") -> 11 | AC7: =IFERROR(IF(0=LEN(ReferenceData!$R$7),"",ReferenceData!$R$7),"") -> 22 | AD7: =IFERROR(IF(0=LEN(ReferenceData!$Q$7),"",ReferenceData!$Q$7),"") -> 10.999998 | AE7: =IFERROR(IF(0=LEN(ReferenceData!$P$7),"",ReferenceData!$P$7),"") -> 1.7 | AF7: =IFERROR(IF(0=LEN(ReferenceData!$O$7),"",ReferenceData!$O$7),"") -> 6 | AG7: =IFERROR(IF(0=LEN(ReferenceData!$N$7),"",ReferenceData!$N$7),"") -> 8.40463 | AH7: =IFERROR(IF(0=LEN(ReferenceData!$M$7),"",ReferenceData!$M$7),"") -> 6.4 | AI7: =IFERROR(IF(0=LEN(ReferenceData!$L$7),"",ReferenceData!$L$7),"") -> 3.5 | AJ7: =IFERROR(IF(0=LEN(ReferenceData!$K$7),"",ReferenceData!$K$7),"") -> 0.5 | AK7: =IFERROR(IF(0=LEN(ReferenceData!$J$7),"",ReferenceData!$J$7),"") -> 22.792 | AL7: =IFERROR(IF(0=LEN(ReferenceData!$I$7),"",ReferenceData!$I$7),"") -> 6 | AM7: =IFERROR(IF(0=LEN(ReferenceData!$H$7),"",ReferenceData!$H$7),"") -> 4 | AN7: =IFERROR(IF(0=LEN(ReferenceData!$G$7),"",ReferenceData!$G$7),"") -> 6.117 | AO7: =IFERROR(IF(0=LEN(ReferenceData!$F$7),"",ReferenceData!$F$7),"") -> 4.4
A8: =IFERROR(IF(0=LEN(ReferenceData!$A$8),"",ReferenceData!$A$8),"") -> Energy | B8: =IFERROR(IF(0=LEN(ReferenceData!$B$8),"",ReferenceData!$B$8),"") | C8: =IFERROR(IF(0=LEN(ReferenceData!$C$8),"",ReferenceData!$C$8),"") | D8: =IFERROR(IF(0=LEN(ReferenceData!$D$8),"",ReferenceData!$D$8),"") | E8: =IFERROR(IF(0=LEN(ReferenceData!$E$8),"",ReferenceData!$E$8),"") -> Static | F8: =IFERROR(IF(0=LEN(ReferenceData!$AO$8),"",ReferenceData!$AO$8),"") -> 2.999999 | G8: =IFERROR(IF(0=LEN(ReferenceData!$AN$8),"",ReferenceData!$AN$8),"") -> 3.4999991 | H8: =IFERROR(IF(0=LEN(ReferenceData!$AM$8),"",ReferenceData!$AM$8),"") -> 2.0000003 | I8: =IFERROR(IF(0=LEN(ReferenceData!$AL$8),"",ReferenceData!$AL$8),"") -> 5.9999981 | J8: =IFERROR(IF(0=LEN(ReferenceData!$AK$8),"",ReferenceData!$AK$8),"") -> 4.7515006 | K8: =IFERROR(IF(0=LEN(ReferenceData!$AJ$8),"",ReferenceData!$AJ$8),"") -> 7.999999 | L8: =IFERROR(IF(0=LEN(ReferenceData!$AI$8),"",ReferenceData!$AI$8),"") -> 10.956196 | M8: =IFERROR(IF(0=LEN(ReferenceData!$AH$8),"",ReferenceData!$AH$8),"") -> 2.8000005 | N8: =IFERROR(IF(0=LEN(ReferenceData!$AG$8),"",ReferenceData!$AG$8),"") -> 25.99999 | O8: =IFERROR(IF(0=LEN(ReferenceData!$AF$8),"",ReferenceData!$AF$8),"") -> 2.0000003 | P8: =IFERROR(IF(0=LEN(ReferenceData!$AE$8),"",ReferenceData!$AE$8),"") -> 1.4289998 | Q8: =IFERROR(IF(0=LEN(ReferenceData!$AD$8),"",ReferenceData!$AD$8),"") -> 3.9999993 | R8: =IFERROR(IF(0=LEN(ReferenceData!$AC$8),"",ReferenceData!$AC$8),"") -> 10.000001 | S8: =IFERROR(IF(0=LEN(ReferenceData!$AB$8),"",ReferenceData!$AB$8),"") | T8: =IFERROR(IF(0=LEN(ReferenceData!$AA$8),"",ReferenceData!$AA$8),"") | U8: =IFERROR(IF(0=LEN(ReferenceData!$Z$8),"",ReferenceData!$Z$8),"") | V8: =IFERROR(IF(0=LEN(ReferenceData!$Y$8),"",ReferenceData!$Y$8),"") | W8: =IFERROR(IF(0=LEN(ReferenceData!$X$8),"",ReferenceData!$X$8),"") -> 8.026615 | X8: =IFERROR(IF(0=LEN(ReferenceData!$W$8),"",ReferenceData!$W$8),"") -> 5.4999999 | Y8: =IFERROR(IF(0=LEN(ReferenceData!$V$8),"",ReferenceData!$V$8),"") -> 8.4399999 | Z8: =IFERROR(IF(0=LEN(ReferenceData!$U$8),"",ReferenceData!$U$8),"") -> 23.850001 | AA8: =IFERROR(IF(0=LEN(ReferenceData!$T$8),"",ReferenceData!$T$8),"") -> 21.760002 | AB8: =IFERROR(IF(0=LEN(ReferenceData!$S$8),"",ReferenceData!$S$8),"") -> 12.0168 | AC8: =IFERROR(IF(0=LEN(ReferenceData!$R$8),"",ReferenceData!$R$8),"") -> 51.300002 | AD8: =IFERROR(IF(0=LEN(ReferenceData!$Q$8),"",ReferenceData!$Q$8),"") -> 89.500009 | AE8: =IFERROR(IF(0=LEN(ReferenceData!$P$8),"",ReferenceData!$P$8),"") -> 11 | AF8: =IFERROR(IF(0=LEN(ReferenceData!$O$8),"",ReferenceData!$O$8),"") -> 2.5 | AG8: =IFERROR(IF(0=LEN(ReferenceData!$N$8),"",ReferenceData!$N$8),"") -> 7.5 | AH8: =IFERROR(IF(0=LEN(ReferenceData!$M$8),"",ReferenceData!$M$8),"") -> 4.5 | AI8: =IFERROR(IF(0=LEN(ReferenceData!$L$8),"",ReferenceData!$L$8),"") -> 5 | AJ8: =IFERROR(IF(0=LEN(ReferenceData!$K$8),"",ReferenceData!$K$8),"") -> 8 | AK8: =IFERROR(IF(0=LEN(ReferenceData!$J$8),"",ReferenceData!$J$8),"") -> 56.2 | AL8: =IFERROR(IF(0=LEN(ReferenceData!$I$8),"",ReferenceData!$I$8),"") | AM8: =IFERROR(IF(0=LEN(ReferenceData!$H$8),"",ReferenceData!$H$8),"") | AN8: =IFERROR(IF(0=LEN(ReferenceData!$G$8),"",ReferenceData!$G$8),"") -> 3 | AO8: =IFERROR(IF(0=LEN(ReferenceData!$F$8),"",ReferenceData!$F$8),"")
A9: =IFERROR(IF(0=LEN(ReferenceData!$A$9),"",ReferenceData!$A$9),"") -> Financials | B9: =IFERROR(IF(0=LEN(ReferenceData!$B$9),"",ReferenceData!$B$9),"") | C9: =IFERROR(IF(0=LEN(ReferenceData!$C$9),"",ReferenceData!$C$9),"") | D9: =IFERROR(IF(0=LEN(ReferenceData!$D$9),"",ReferenceData!$D$9),"") | E9: =IFERROR(IF(0=LEN(ReferenceData!$E$9),"",ReferenceData!$E$9),"") -> Static | F9: =IFERROR(IF(0=LEN(ReferenceData!$AO$9),"",ReferenceData!$AO$9),"") -> 9.7000005 | G9: =IFERROR(IF(0=LEN(ReferenceData!$AN$9),"",ReferenceData!$AN$9),"") -> 118.7575 | H9: =IFERROR(IF(0=LEN(ReferenceData!$AM$9),"",ReferenceData!$AM$9),"") -> 15.003267 | I9: =IFERROR(IF(0=LEN(ReferenceData!$AL$9),"",ReferenceData!$AL$9),"") -> 14.753002 | J9: =IFERROR(IF(0=LEN(ReferenceData!$AK$9),"",ReferenceData!$AK$9),"") -> 36.738095 | K9: =IFERROR(IF(0=LEN(ReferenceData!$AJ$9),"",ReferenceData!$AJ$9),"") -> 128.62568 | L9: =IFERROR(IF(0=LEN(ReferenceData!$AI$9),"",ReferenceData!$AI$9),"") -> 16.842703 | M9: =IFERROR(IF(0=LEN(ReferenceData!$AH$9),"",ReferenceData!$AH$9),"") -> 39.875998 | N9: =IFERROR(IF(0=LEN(ReferenceData!$AG$9),"",ReferenceData!$AG$9),"") -> 25.777221 | O9: =IFERROR(IF(0=LEN(ReferenceData!$AF$9),"",ReferenceData!$AF$9),"") -> 123.94349 | P9: =IFERROR(IF(0=LEN(ReferenceData!$AE$9),"",ReferenceData!$AE$9),"") -> 37.626301 | Q9: =IFERROR(IF(0=LEN(ReferenceData!$AD$9),"",ReferenceData!$AD$9),"") -> 20.600192 | R9: =IFERROR(IF(0=LEN(ReferenceData!$AC$9),"",ReferenceData!$AC$9),"") -> 26.367495 | S9: =IFERROR(IF(0=LEN(ReferenceData!$AB$9),"",ReferenceData!$AB$9),"") -> 6.83176 | T9: =IFERROR(IF(0=LEN(ReferenceData!$AA$9),"",ReferenceData!$AA$9),"") -> 10.754001 | U9: =IFERROR(IF(0=LEN(ReferenceData!$Z$9),"",ReferenceData!$Z$9),"") -> 71.531627 | V9: =IFERROR(IF(0=LEN(ReferenceData!$Y$9),"",ReferenceData!$Y$9),"") -> 57.423477 | W9: =IFERROR(IF(0=LEN(ReferenceData!$X$9),"",ReferenceData!$X$9),"") -> 62.84376 | X9: =IFERROR(IF(0=LEN(ReferenceData!$W$9),"",ReferenceData!$W$9),"") -> 34.989 | Y9: =IFERROR(IF(0=LEN(ReferenceData!$V$9),"",ReferenceData!$V$9),"") -> 57.48305 | Z9: =IFERROR(IF(0=LEN(ReferenceData!$U$9),"",ReferenceData!$U$9),"") -> 24.509997 | AA9: =IFERROR(IF(0=LEN(ReferenceData!$T$9),"",ReferenceData!$T$9),"") -> 104.14759 | AB9: =IFERROR(IF(0=LEN(ReferenceData!$S$9),"",ReferenceData!$S$9),"") -> 26.149996 | AC9: =IFERROR(IF(0=LEN(ReferenceData!$R$9),"",ReferenceData!$R$9),"") -> 32.608581 | AD9: =IFERROR(IF(0=LEN(ReferenceData!$Q$9),"",ReferenceData!$Q$9),"") -> 78.088947 | AE9: =IFERROR(IF(0=LEN(ReferenceData!$P$9),"",ReferenceData!$P$9),"") -> 42.21175 | AF9: =IFERROR(IF(0=LEN(ReferenceData!$O$9),"",ReferenceData!$O$9),"") -> 41.85 | AG9: =IFERROR(IF(0=LEN(ReferenceData!$N$9),"",ReferenceData!$N$9),"") -> 39.821888 | AH9: =IFERROR(IF(0=LEN(ReferenceData!$M$9),"",ReferenceData!$M$9),"") -> 13.658526 | AI9: =IFERROR(IF(0=LEN(ReferenceData!$L$9),"",ReferenceData!$L$9),"") -> 77.149 | AJ9: =IFERROR(IF(0=LEN(ReferenceData!$K$9),"",ReferenceData!$K$9),"") -> 46.5 | AK9: =IFERROR(IF(0=LEN(ReferenceData!$J$9),"",ReferenceData!$J$9),"") -> 35.54574 | AL9: =IFERROR(IF(0=LEN(ReferenceData!$I$9),"",ReferenceData!$I$9),"") -> 80.4066 | AM9: =IFERROR(IF(0=LEN(ReferenceData!$H$9),"",ReferenceData!$H$9),"") -> 138.49675 | AN9: =IFERROR(IF(0=LEN(ReferenceData!$G$9),"",ReferenceData!$G$9),"") -> 147.805 | AO9: =IFERROR(IF(0=LEN(ReferenceData!$F$9),"",ReferenceData!$F$9),"") -> 68.8008
A10: =IFERROR(IF(0=LEN(ReferenceData!$A$10),"",ReferenceData!$A$10),"") -> Health Care | B10: =IFERROR(IF(0=LEN(ReferenceData!$B$10),"",ReferenceData!$B$10),"") | C10: =IFERROR(IF(0=LEN(ReferenceData!$C$10),"",ReferenceData!$C$10),"") | D10: =IFERROR(IF(0=LEN(ReferenceData!$D$10),"",ReferenceData!$D$10),"") | E10: =IFERROR(IF(0=LEN(ReferenceData!$E$10),"",ReferenceData!$E$10),"") -> Static | F10: =IFERROR(IF(0=LEN(ReferenceData!$AO$10),"",ReferenceData!$AO$10),"") -> 7.7499996 | G10: =IFERROR(IF(0=LEN(ReferenceData!$AN$10),"",ReferenceData!$AN$10),"") -> 6.7308411 | H10: =IFERROR(IF(0=LEN(ReferenceData!$AM$10),"",ReferenceData!$AM$10),"") -> 0.40000007 | I10: =IFERROR(IF(0=LEN(ReferenceData!$AL$10),"",ReferenceData!$AL$10),"") -> 29.653004 | J10: =IFERROR(IF(0=LEN(ReferenceData!$AK$10),"",ReferenceData!$AK$10),"") -> 25.000002 | K10: =IFERROR(IF(0=LEN(ReferenceData!$AJ$10),"",ReferenceData!$AJ$10),"") -> 45.965005 | L10: =IFERROR(IF(0=LEN(ReferenceData!$AI$10),"",ReferenceData!$AI$10),"") -> 14.250002 | M10: =IFERROR(IF(0=LEN(ReferenceData!$AH$10),"",ReferenceData!$AH$10),"") -> 44.250005 | N10: =IFERROR(IF(0=LEN(ReferenceData!$AG$10),"",ReferenceData!$AG$10),"") -> 22.8 | O10: =IFERROR(IF(0=LEN(ReferenceData!$AF$10),"",ReferenceData!$AF$10),"") -> 6.0000007 | P10: =IFERROR(IF(0=LEN(ReferenceData!$AE$10),"",ReferenceData!$AE$10),"") -> 5.7000005 | Q10: =IFERROR(IF(0=LEN(ReferenceData!$AD$10),"",ReferenceData!$AD$10),"") -> 20.900001 | R10: =IFERROR(IF(0=LEN(ReferenceData!$AC$10),"",ReferenceData!$AC$10),"") -> 13.416401 | S10: =IFERROR(IF(0=LEN(ReferenceData!$AB$10),"",ReferenceData!$AB$10),"") -> 0.50000008 | T10: =IFERROR(IF(0=LEN(ReferenceData!$AA$10),"",ReferenceData!$AA$10),"") -> 1.3014887 | U10: =IFERROR(IF(0=LEN(ReferenceData!$Z$10),"",ReferenceData!$Z$10),"") -> 16.168655 | V10: =IFERROR(IF(0=LEN(ReferenceData!$Y$10),"",ReferenceData!$Y$10),"") -> 26.899998 | W10: =IFERROR(IF(0=LEN(ReferenceData!$X$10),"",ReferenceData!$X$10),"") -> 10.9 | X10: =IFERROR(IF(0=LEN(ReferenceData!$W$10),"",ReferenceData!$W$10),"") -> 6.9999993 | Y10: =IFERROR(IF(0=LEN(ReferenceData!$V$10),"",ReferenceData!$V$10),"") -> 59.940794 | Z10: =IFERROR(IF(0=LEN(ReferenceData!$U$10),"",ReferenceData!$U$10),"") -> 23.062582 | AA10: =IFERROR(IF(0=LEN(ReferenceData!$T$10),"",ReferenceData!$T$10),"") -> 4 | AB10: =IFERROR(IF(0=LEN(ReferenceData!$S$10),"",ReferenceData!$S$10),"") -> 18.600001 | AC10: =IFERROR(IF(0=LEN(ReferenceData!$R$10),"",ReferenceData!$R$10),"") -> 21.200001 | AD10: =IFERROR(IF(0=LEN(ReferenceData!$Q$10),"",ReferenceData!$Q$10),"") -> 29.399999 | AE10: =IFERROR(IF(0=LEN(ReferenceData!$P$10),"",ReferenceData!$P$10),"") -> 4.6 | AF10: =IFERROR(IF(0=LEN(ReferenceData!$O$10),"",ReferenceData!$O$10),"") -> 13 | AG10: =IFERROR(IF(0=LEN(ReferenceData!$N$10),"",ReferenceData!$N$10),"") -> 25.65 | AH10: =IFERROR(IF(0=LEN(ReferenceData!$M$10),"",ReferenceData!$M$10),"") -> 23.2 | AI10: =IFERROR(IF(0=LEN(ReferenceData!$L$10),"",ReferenceData!$L$10),"") -> 8.672 | AJ10: =IFERROR(IF(0=LEN(ReferenceData!$K$10),"",ReferenceData!$K$10),"") -> 25.0836 | AK10: =IFERROR(IF(0=LEN(ReferenceData!$J$10),"",ReferenceData!$J$10),"") -> 59.081877 | AL10: =IFERROR(IF(0=LEN(ReferenceData!$I$10),"",ReferenceData!$I$10),"") -> 36.0408 | AM10: =IFERROR(IF(0=LEN(ReferenceData!$H$10),"",ReferenceData!$H$10),"") -> 12.75 | AN10: =IFERROR(IF(0=LEN(ReferenceData!$G$10),"",ReferenceData!$G$10),"") -> 17.30155 | AO10: =IFERROR(IF(0=LEN(ReferenceData!$F$10),"",ReferenceData!$F$10),"") -> 16.125
A11: =IFERROR(IF(0=LEN(ReferenceData!$A$11),"",ReferenceData!$A$11),"") -> Industrials | B11: =IFERROR(IF(0=LEN(ReferenceData!$B$11),"",ReferenceData!$B$11),"") | C11: =IFERROR(IF(0=LEN(ReferenceData!$C$11),"",ReferenceData!$C$11),"") | D11: =IFERROR(IF(0=LEN(ReferenceData!$D$11),"",ReferenceData!$D$11),"") | E11: =IFERROR(IF(0=LEN(ReferenceData!$E$11),"",ReferenceData!$E$11),"") -> Static | F11: =IFERROR(IF(0=LEN(ReferenceData!$AO$11),"",ReferenceData!$AO$11),"") -> 4.8241003 | G11: =IFERROR(IF(0=LEN(ReferenceData!$AN$11),"",ReferenceData!$AN$11),"") -> 11.197041 | H11: =IFERROR(IF(0=LEN(ReferenceData!$AM$11),"",ReferenceData!$AM$11),"") -> 11.967852 | I11: =IFERROR(IF(0=LEN(ReferenceData!$AL$11),"",ReferenceData!$AL$11),"") -> 34.149992 | J11: =IFERROR(IF(0=LEN(ReferenceData!$AK$11),"",ReferenceData!$AK$11),"") -> 7.6532001 | K11: =IFERROR(IF(0=LEN(ReferenceData!$AJ$11),"",ReferenceData!$AJ$11),"") -> 11.055182 | L11: =IFERROR(IF(0=LEN(ReferenceData!$AI$11),"",ReferenceData!$AI$11),"") -> 16.200001 | M11: =IFERROR(IF(0=LEN(ReferenceData!$AH$11),"",ReferenceData!$AH$11),"") -> 42.900204 | N11: =IFERROR(IF(0=LEN(ReferenceData!$AG$11),"",ReferenceData!$AG$11),"") -> 44.235506 | O11: =IFERROR(IF(0=LEN(ReferenceData!$AF$11),"",ReferenceData!$AF$11),"") -> 17.995793 | P11: =IFERROR(IF(0=LEN(ReferenceData!$AE$11),"",ReferenceData!$AE$11),"") -> 11 | Q11: =IFERROR(IF(0=LEN(ReferenceData!$AD$11),"",ReferenceData!$AD$11),"") -> 17.000002 | R11: =IFERROR(IF(0=LEN(ReferenceData!$AC$11),"",ReferenceData!$AC$11),"") -> 9.0372015 | S11: =IFERROR(IF(0=LEN(ReferenceData!$AB$11),"",ReferenceData!$AB$11),"") -> 0.7 | T11: =IFERROR(IF(0=LEN(ReferenceData!$AA$11),"",ReferenceData!$AA$11),"") -> 2.3000002 | U11: =IFERROR(IF(0=LEN(ReferenceData!$Z$11),"",ReferenceData!$Z$11),"") -> 16.808701 | V11: =IFERROR(IF(0=LEN(ReferenceData!$Y$11),"",ReferenceData!$Y$11),"") -> 28.52233 | W11: =IFERROR(IF(0=LEN(ReferenceData!$X$11),"",ReferenceData!$X$11),"") -> 11.382701 | X11: =IFERROR(IF(0=LEN(ReferenceData!$W$11),"",ReferenceData!$W$11),"") -> 18.8 | Y11: =IFERROR(IF(0=LEN(ReferenceData!$V$11),"",ReferenceData!$V$11),"") -> 17.012599 | Z11: =IFERROR(IF(0=LEN(ReferenceData!$U$11),"",ReferenceData!$U$11),"") -> 60.589853 | AA11: =IFERROR(IF(0=LEN(ReferenceData!$T$11),"",ReferenceData!$T$11),"") -> 21.268258 | AB11: =IFERROR(IF(0=LEN(ReferenceData!$S$11),"",ReferenceData!$S$11),"") -> 8.4499293 | AC11: =IFERROR(IF(0=LEN(ReferenceData!$R$11),"",ReferenceData!$R$11),"") -> 58.25 | AD11: =IFERROR(IF(0=LEN(ReferenceData!$Q$11),"",ReferenceData!$Q$11),"") -> 8.643701 | AE11: =IFERROR(IF(0=LEN(ReferenceData!$P$11),"",ReferenceData!$P$11),"") -> 10.87537 | AF11: =IFERROR(IF(0=LEN(ReferenceData!$O$11),"",ReferenceData!$O$11),"") -> 11.1782 | AG11: =IFERROR(IF(0=LEN(ReferenceData!$N$11),"",ReferenceData!$N$11),"") -> 31.6466 | AH11: =IFERROR(IF(0=LEN(ReferenceData!$M$11),"",ReferenceData!$M$11),"") -> 36.9324 | AI11: =IFERROR(IF(0=LEN(ReferenceData!$L$11),"",ReferenceData!$L$11),"") -> 27.1416 | AJ11: =IFERROR(IF(0=LEN(ReferenceData!$K$11),"",ReferenceData!$K$11),"") -> 11.3 | AK11: =IFERROR(IF(0=LEN(ReferenceData!$J$11),"",ReferenceData!$J$11),"") -> 25.6766 | AL11: =IFERROR(IF(0=LEN(ReferenceData!$I$11),"",ReferenceData!$I$11),"") -> 17.88655 | AM11: =IFERROR(IF(0=LEN(ReferenceData!$H$11),"",ReferenceData!$H$11),"") -> 18.307542 | AN11: =IFERROR(IF(0=LEN(ReferenceData!$G$11),"",ReferenceData!$G$11),"") -> 66.948 | AO11: =IFERROR(IF(0=LEN(ReferenceData!$F$11),"",ReferenceData!$F$11),"") -> 28.8916
A12: =IFERROR(IF(0=LEN(ReferenceData!$A$12),"",ReferenceData!$A$12),"") -> Information Technology | B12: =IFERROR(IF(0=LEN(ReferenceData!$B$12),"",ReferenceData!$B$12),"") | C12: =IFERROR(IF(0=LEN(ReferenceData!$C$12),"",ReferenceData!$C$12),"") | D12: =IFERROR(IF(0=LEN(ReferenceData!$D$12),"",ReferenceData!$D$12),"") | E12: =IFERROR(IF(0=LEN(ReferenceData!$E$12),"",ReferenceData!$E$12),"") -> Static | F12: =IFERROR(IF(0=LEN(ReferenceData!$AO$12),"",ReferenceData!$AO$12),"") -> 4.5410003 | G12: =IFERROR(IF(0=LEN(ReferenceData!$AN$12),"",ReferenceData!$AN$12),"") -> 45.500002 | H12: =IFERROR(IF(0=LEN(ReferenceData!$AM$12),"",ReferenceData!$AM$12),"") -> 8.9999971 | I12: =IFERROR(IF(0=LEN(ReferenceData!$AL$12),"",ReferenceData!$AL$12),"") -> 24.499995 | J12: =IFERROR(IF(0=LEN(ReferenceData!$AK$12),"",ReferenceData!$AK$12),"") -> 53.856852 | K12: =IFERROR(IF(0=LEN(ReferenceData!$AJ$12),"",ReferenceData!$AJ$12),"") -> 153.49996 | L12: =IFERROR(IF(0=LEN(ReferenceData!$AI$12),"",ReferenceData!$AI$12),"") -> 74.124998 | M12: =IFERROR(IF(0=LEN(ReferenceData!$AH$12),"",ReferenceData!$AH$12),"") -> 44.899994 | N12: =IFERROR(IF(0=LEN(ReferenceData!$AG$12),"",ReferenceData!$AG$12),"") -> 31.924993 | O12: =IFERROR(IF(0=LEN(ReferenceData!$AF$12),"",ReferenceData!$AF$12),"") -> 77.000005 | P12: =IFERROR(IF(0=LEN(ReferenceData!$AE$12),"",ReferenceData!$AE$12),"") -> 68.100004 | Q12: =IFERROR(IF(0=LEN(ReferenceData!$AD$12),"",ReferenceData!$AD$12),"") -> 23.000003 | R12: =IFERROR(IF(0=LEN(ReferenceData!$AC$12),"",ReferenceData!$AC$12),"") -> 25.942996 | S12: =IFERROR(IF(0=LEN(ReferenceData!$AB$12),"",ReferenceData!$AB$12),"") -> 50.699979 | T12: =IFERROR(IF(0=LEN(ReferenceData!$AA$12),"",ReferenceData!$AA$12),"") -> 1.2499998 | U12: =IFERROR(IF(0=LEN(ReferenceData!$Z$12),"",ReferenceData!$Z$12),"") -> 26.749998 | V12: =IFERROR(IF(0=LEN(ReferenceData!$Y$12),"",ReferenceData!$Y$12),"") -> 35.897001 | W12: =IFERROR(IF(0=LEN(ReferenceData!$X$12),"",ReferenceData!$X$12),"") -> 154.94015 | X12: =IFERROR(IF(0=LEN(ReferenceData!$W$12),"",ReferenceData!$W$12),"") -> 77.049989 | Y12: =IFERROR(IF(0=LEN(ReferenceData!$V$12),"",ReferenceData!$V$12),"") -> 40.250003 | Z12: =IFERROR(IF(0=LEN(ReferenceData!$U$12),"",ReferenceData!$U$12),"") -> 33.405 | AA12: =IFERROR(IF(0=LEN(ReferenceData!$T$12),"",ReferenceData!$T$12),"") -> 129.00001 | AB12: =IFERROR(IF(0=LEN(ReferenceData!$S$12),"",ReferenceData!$S$12),"") -> 34.257262 | AC12: =IFERROR(IF(0=LEN(ReferenceData!$R$12),"",ReferenceData!$R$12),"") -> 9.8030003 | AD12: =IFERROR(IF(0=LEN(ReferenceData!$Q$12),"",ReferenceData!$Q$12),"") -> 30.15 | AE12: =IFERROR(IF(0=LEN(ReferenceData!$P$12),"",ReferenceData!$P$12),"") -> 94.500016 | AF12: =IFERROR(IF(0=LEN(ReferenceData!$O$12),"",ReferenceData!$O$12),"") -> 36.94 | AG12: =IFERROR(IF(0=LEN(ReferenceData!$N$12),"",ReferenceData!$N$12),"") -> 21.04 | AH12: =IFERROR(IF(0=LEN(ReferenceData!$M$12),"",ReferenceData!$M$12),"") -> 40.4167 | AI12: =IFERROR(IF(0=LEN(ReferenceData!$L$12),"",ReferenceData!$L$12),"") -> 134.45 | AJ12: =IFERROR(IF(0=LEN(ReferenceData!$K$12),"",ReferenceData!$K$12),"") -> 136.21 | AK12: =IFERROR(IF(0=LEN(ReferenceData!$J$12),"",ReferenceData!$J$12),"") -> 22.780884 | AL12: =IFERROR(IF(0=LEN(ReferenceData!$I$12),"",ReferenceData!$I$12),"") -> 61.75 | AM12: =IFERROR(IF(0=LEN(ReferenceData!$H$12),"",ReferenceData!$H$12),"") -> 136.05 | AN12: =IFERROR(IF(0=LEN(ReferenceData!$G$12),"",ReferenceData!$G$12),"") -> 93.813 | AO12: =IFERROR(IF(0=LEN(ReferenceData!$F$12),"",ReferenceData!$F$12),"") -> 19.7
A13: =IFERROR(IF(0=LEN(ReferenceData!$A$13),"",ReferenceData!$A$13),"") -> Materials | B13: =IFERROR(IF(0=LEN(ReferenceData!$B$13),"",ReferenceData!$B$13),"") | C13: =IFERROR(IF(0=LEN(ReferenceData!$C$13),"",ReferenceData!$C$13),"") | D13: =IFERROR(IF(0=LEN(ReferenceData!$D$13),"",ReferenceData!$D$13),"") | E13: =IFERROR(IF(0=LEN(ReferenceData!$E$13),"",ReferenceData!$E$13),"") -> Static | F13: =IFERROR(IF(0=LEN(ReferenceData!$AO$13),"",ReferenceData!$AO$13),"") -> 2.5106211 | G13: =IFERROR(IF(0=LEN(ReferenceData!$AN$13),"",ReferenceData!$AN$13),"") -> 3.2880974 | H13: =IFERROR(IF(0=LEN(ReferenceData!$AM$13),"",ReferenceData!$AM$13),"") | I13: =IFERROR(IF(0=LEN(ReferenceData!$AL$13),"",ReferenceData!$AL$13),"") -> 6.800001 | J13: =IFERROR(IF(0=LEN(ReferenceData!$AK$13),"",ReferenceData!$AK$13),"") -> 2 | K13: =IFERROR(IF(0=LEN(ReferenceData!$AJ$13),"",ReferenceData!$AJ$13),"") -> 6.9405881 | L13: =IFERROR(IF(0=LEN(ReferenceData!$AI$13),"",ReferenceData!$AI$13),"") -> 2.0000003 | M13: =IFERROR(IF(0=LEN(ReferenceData!$AH$13),"",ReferenceData!$AH$13),"") -> 6.1999996 | N13: =IFERROR(IF(0=LEN(ReferenceData!$AG$13),"",ReferenceData!$AG$13),"") -> 9.5390007 | O13: =IFERROR(IF(0=LEN(ReferenceData!$AF$13),"",ReferenceData!$AF$13),"") -> 7.2024999 | P13: =IFERROR(IF(0=LEN(ReferenceData!$AE$13),"",ReferenceData!$AE$13),"") -> 0.50000008 | Q13: =IFERROR(IF(0=LEN(ReferenceData!$AD$13),"",ReferenceData!$AD$13),"") -> 1.0000002 | R13: =IFERROR(IF(0=LEN(ReferenceData!$AC$13),"",ReferenceData!$AC$13),"") | S13: =IFERROR(IF(0=LEN(ReferenceData!$AB$13),"",ReferenceData!$AB$13),"") | T13: =IFERROR(IF(0=LEN(ReferenceData!$AA$13),"",ReferenceData!$AA$13),"") -> 0.50000007 | U13: =IFERROR(IF(0=LEN(ReferenceData!$Z$13),"",ReferenceData!$Z$13),"") -> 0.15000004 | V13: =IFERROR(IF(0=LEN(ReferenceData!$Y$13),"",ReferenceData!$Y$13),"") -> 18.521 | W13: =IFERROR(IF(0=LEN(ReferenceData!$X$13),"",ReferenceData!$X$13),"") -> 6.829592 | X13: =IFERROR(IF(0=LEN(ReferenceData!$W$13),"",ReferenceData!$W$13),"") -> 4.9000001 | Y13: =IFERROR(IF(0=LEN(ReferenceData!$V$13),"",ReferenceData!$V$13),"") -> 13.000001 | Z13: =IFERROR(IF(0=LEN(ReferenceData!$U$13),"",ReferenceData!$U$13),"") -> 13.2 | AA13: =IFERROR(IF(0=LEN(ReferenceData!$T$13),"",ReferenceData!$T$13),"") -> 10.052875 | AB13: =IFERROR(IF(0=LEN(ReferenceData!$S$13),"",ReferenceData!$S$13),"") -> 6.4000004 | AC13: =IFERROR(IF(0=LEN(ReferenceData!$R$13),"",ReferenceData!$R$13),"") -> 10.813499 | AD13: =IFERROR(IF(0=LEN(ReferenceData!$Q$13),"",ReferenceData!$Q$13),"") -> 0.1 | AE13: =IFERROR(IF(0=LEN(ReferenceData!$P$13),"",ReferenceData!$P$13),"") -> 7.0941001 | AF13: =IFERROR(IF(0=LEN(ReferenceData!$O$13),"",ReferenceData!$O$13),"") -> 2 | AG13: =IFERROR(IF(0=LEN(ReferenceData!$N$13),"",ReferenceData!$N$13),"") -> 16.5 | AH13: =IFERROR(IF(0=LEN(ReferenceData!$M$13),"",ReferenceData!$M$13),"") -> 2.5 | AI13: =IFERROR(IF(0=LEN(ReferenceData!$L$13),"",ReferenceData!$L$13),"") -> 8.6162818 | AJ13: =IFERROR(IF(0=LEN(ReferenceData!$K$13),"",ReferenceData!$K$13),"") -> 1.623 | AK13: =IFERROR(IF(0=LEN(ReferenceData!$J$13),"",ReferenceData!$J$13),"") -> 5 | AL13: =IFERROR(IF(0=LEN(ReferenceData!$I$13),"",ReferenceData!$I$13),"") -> 3.7132 | AM13: =IFERROR(IF(0=LEN(ReferenceData!$H$13),"",ReferenceData!$H$13),"") -> 4.9107915 | AN13: =IFERROR(IF(0=LEN(ReferenceData!$G$13),"",ReferenceData!$G$13),"") -> 3.5 | AO13: =IFERROR(IF(0=LEN(ReferenceData!$F$13),"",ReferenceData!$F$13),"") -> 2
A14: =IFERROR(IF(0=LEN(ReferenceData!$A$14),"",ReferenceData!$A$14),"") -> Real Estate | B14: =IFERROR(IF(0=LEN(ReferenceData!$B$14),"",ReferenceData!$B$14),"") | C14: =IFERROR(IF(0=LEN(ReferenceData!$C$14),"",ReferenceData!$C$14),"") | D14: =IFERROR(IF(0=LEN(ReferenceData!$D$14),"",ReferenceData!$D$14),"") | E14: =IFERROR(IF(0=LEN(ReferenceData!$E$14),"",ReferenceData!$E$14),"") -> Static | F14: =IFERROR(IF(0=LEN(ReferenceData!$AO$14),"",ReferenceData!$AO$14),"") -> 1.0000002 | G14: =IFERROR(IF(0=LEN(ReferenceData!$AN$14),"",ReferenceData!$AN$14),"") | H14: =IFERROR(IF(0=LEN(ReferenceData!$AM$14),"",ReferenceData!$AM$14),"") | I14: =IFERROR(IF(0=LEN(ReferenceData!$AL$14),"",ReferenceData!$AL$14),"") -> 2.9000005 | J14: =IFERROR(IF(0=LEN(ReferenceData!$AK$14),"",ReferenceData!$AK$14),"") -> 1.5500002 | K14: =IFERROR(IF(0=LEN(ReferenceData!$AJ$14),"",ReferenceData!$AJ$14),"") -> 0.50000007 | L14: =IFERROR(IF(0=LEN(ReferenceData!$AI$14),"",ReferenceData!$AI$14),"") | M14: =IFERROR(IF(0=LEN(ReferenceData!$AH$14),"",ReferenceData!$AH$14),"") -> 0.50000007 | N14: =IFERROR(IF(0=LEN(ReferenceData!$AG$14),"",ReferenceData!$AG$14),"") -> 3.0500003 | O14: =IFERROR(IF(0=LEN(ReferenceData!$AF$14),"",ReferenceData!$AF$14),"") | P14: =IFERROR(IF(0=LEN(ReferenceData!$AE$14),"",ReferenceData!$AE$14),"") -> 1.6000002 | Q14: =IFERROR(IF(0=LEN(ReferenceData!$AD$14),"",ReferenceData!$AD$14),"") -> 0.60000007 | R14: =IFERROR(IF(0=LEN(ReferenceData!$AC$14),"",ReferenceData!$AC$14),"") -> 0.25000004 | S14: =IFERROR(IF(0=LEN(ReferenceData!$AB$14),"",ReferenceData!$AB$14),"") -> 1.0000002 | T14: =IFERROR(IF(0=LEN(ReferenceData!$AA$14),"",ReferenceData!$AA$14),"") -> 0.50000008 | U14: =IFERROR(IF(0=LEN(ReferenceData!$Z$14),"",ReferenceData!$Z$14),"") -> 1.9000001 | V14: =IFERROR(IF(0=LEN(ReferenceData!$Y$14),"",ReferenceData!$Y$14),"") -> 0.25000004 | W14: =IFERROR(IF(0=LEN(ReferenceData!$X$14),"",ReferenceData!$X$14),"") | X14: =IFERROR(IF(0=LEN(ReferenceData!$W$14),"",ReferenceData!$W$14),"") -> 1 | Y14: =IFERROR(IF(0=LEN(ReferenceData!$V$14),"",ReferenceData!$V$14),"") -> 3.0000005 | Z14: =IFERROR(IF(0=LEN(ReferenceData!$U$14),"",ReferenceData!$U$14),"") | AA14: =IFERROR(IF(0=LEN(ReferenceData!$T$14),"",ReferenceData!$T$14),"") -> 2 | AB14: =IFERROR(IF(0=LEN(ReferenceData!$S$14),"",ReferenceData!$S$14),"") -> 3.1290003 | AC14: =IFERROR(IF(0=LEN(ReferenceData!$R$14),"",ReferenceData!$R$14),"") -> 3.5 | AD14: =IFERROR(IF(0=LEN(ReferenceData!$Q$14),"",ReferenceData!$Q$14),"") -> 0.25 | AE14: =IFERROR(IF(0=LEN(ReferenceData!$P$14),"",ReferenceData!$P$14),"") | AF14: =IFERROR(IF(0=LEN(ReferenceData!$O$14),"",ReferenceData!$O$14),"") | AG14: =IFERROR(IF(0=LEN(ReferenceData!$N$14),"",ReferenceData!$N$14),"") | AH14: =IFERROR(IF(0=LEN(ReferenceData!$M$14),"",ReferenceData!$M$14),"") -> 2.7709 | AI14: =IFERROR(IF(0=LEN(ReferenceData!$L$14),"",ReferenceData!$L$14),"") | AJ14: =IFERROR(IF(0=LEN(ReferenceData!$K$14),"",ReferenceData!$K$14),"") -> 0.75 | AK14: =IFERROR(IF(0=LEN(ReferenceData!$J$14),"",ReferenceData!$J$14),"") -> 5.5 | AL14: =IFERROR(IF(0=LEN(ReferenceData!$I$14),"",ReferenceData!$I$14),"") -> 5.5 | AM14: =IFERROR(IF(0=LEN(ReferenceData!$H$14),"",ReferenceData!$H$14),"") -> 2.8 | AN14: =IFERROR(IF(0=LEN(ReferenceData!$G$14),"",ReferenceData!$G$14),"") | AO14: =IFERROR(IF(0=LEN(ReferenceData!$F$14),"",ReferenceData!$F$14),"") -> 2.75
A15: =IFERROR(IF(0=LEN(ReferenceData!$A$15),"",ReferenceData!$A$15),"") -> Utilities | B15: =IFERROR(IF(0=LEN(ReferenceData!$B$15),"",ReferenceData!$B$15),"") | C15: =IFERROR(IF(0=LEN(ReferenceData!$C$15),"",ReferenceData!$C$15),"") | D15: =IFERROR(IF(0=LEN(ReferenceData!$D$15),"",ReferenceData!$D$15),"") | E15: =IFERROR(IF(0=LEN(ReferenceData!$E$15),"",ReferenceData!$E$15),"") -> Static | F15: =IFERROR(IF(0=LEN(ReferenceData!$AO$15),"",ReferenceData!$AO$15),"") | G15: =IFERROR(IF(0=LEN(ReferenceData!$AN$15),"",ReferenceData!$AN$15),"") -> 5.9868013 | H15: =IFERROR(IF(0=LEN(ReferenceData!$AM$15),"",ReferenceData!$AM$15),"") | I15: =IFERROR(IF(0=LEN(ReferenceData!$AL$15),"",ReferenceData!$AL$15),"") | J15: =IFERROR(IF(0=LEN(ReferenceData!$AK$15),"",ReferenceData!$AK$15),"") -> 1.0000002 | K15: =IFERROR(IF(0=LEN(ReferenceData!$AJ$15),"",ReferenceData!$AJ$15),"") | L15: =IFERROR(IF(0=LEN(ReferenceData!$AI$15),"",ReferenceData!$AI$15),"") -> 3.3654 | M15: =IFERROR(IF(0=LEN(ReferenceData!$AH$15),"",ReferenceData!$AH$15),"") | N15: =IFERROR(IF(0=LEN(ReferenceData!$AG$15),"",ReferenceData!$AG$15),"") -> 1.0000001 | O15: =IFERROR(IF(0=LEN(ReferenceData!$AF$15),"",ReferenceData!$AF$15),"") | P15: =IFERROR(IF(0=LEN(ReferenceData!$AE$15),"",ReferenceData!$AE$15),"") -> 0.25000003 | Q15: =IFERROR(IF(0=LEN(ReferenceData!$AD$15),"",ReferenceData!$AD$15),"") | R15: =IFERROR(IF(0=LEN(ReferenceData!$AC$15),"",ReferenceData!$AC$15),"") | S15: =IFERROR(IF(0=LEN(ReferenceData!$AB$15),"",ReferenceData!$AB$15),"") | T15: =IFERROR(IF(0=LEN(ReferenceData!$AA$15),"",ReferenceData!$AA$15),"") -> 4.9999994 | U15: =IFERROR(IF(0=LEN(ReferenceData!$Z$15),"",ReferenceData!$Z$15),"") -> 1.0000001 | V15: =IFERROR(IF(0=LEN(ReferenceData!$Y$15),"",ReferenceData!$Y$15),"") | W15: =IFERROR(IF(0=LEN(ReferenceData!$X$15),"",ReferenceData!$X$15),"") | X15: =IFERROR(IF(0=LEN(ReferenceData!$W$15),"",ReferenceData!$W$15),"") -> 0.50000008 | Y15: =IFERROR(IF(0=LEN(ReferenceData!$V$15),"",ReferenceData!$V$15),"") -> 1.5 | Z15: =IFERROR(IF(0=LEN(ReferenceData!$U$15),"",ReferenceData!$U$15),"") | AA15: =IFERROR(IF(0=LEN(ReferenceData!$T$15),"",ReferenceData!$T$15),"") | AB15: =IFERROR(IF(0=LEN(ReferenceData!$S$15),"",ReferenceData!$S$15),"") | AC15: =IFERROR(IF(0=LEN(ReferenceData!$R$15),"",ReferenceData!$R$15),"") | AD15: =IFERROR(IF(0=LEN(ReferenceData!$Q$15),"",ReferenceData!$Q$15),"") -> 1 | AE15: =IFERROR(IF(0=LEN(ReferenceData!$P$15),"",ReferenceData!$P$15),"") -> 1.7 | AF15: =IFERROR(IF(0=LEN(ReferenceData!$O$15),"",ReferenceData!$O$15),"") | AG15: =IFERROR(IF(0=LEN(ReferenceData!$N$15),"",ReferenceData!$N$15),"") -> 1.95 | AH15: =IFERROR(IF(0=LEN(ReferenceData!$M$15),"",ReferenceData!$M$15),"") -> 0.354 | AI15: =IFERROR(IF(0=LEN(ReferenceData!$L$15),"",ReferenceData!$L$15),"") -> 1 | AJ15: =IFERROR(IF(0=LEN(ReferenceData!$K$15),"",ReferenceData!$K$15),"") -> 0.705 | AK15: =IFERROR(IF(0=LEN(ReferenceData!$J$15),"",ReferenceData!$J$15),"") -> 2 | AL15: =IFERROR(IF(0=LEN(ReferenceData!$I$15),"",ReferenceData!$I$15),"") -> 0.075 | AM15: =IFERROR(IF(0=LEN(ReferenceData!$H$15),"",ReferenceData!$H$15),"") | AN15: =IFERROR(IF(0=LEN(ReferenceData!$G$15),"",ReferenceData!$G$15),"") -> 0.404 | AO15: =IFERROR(IF(0=LEN(ReferenceData!$F$15),"",ReferenceData!$F$15),"") -> 4
A16: =IFERROR(IF(0=LEN(ReferenceData!$A$16),"",ReferenceData!$A$16),"") -> Buyback Program Announcements | B16: =IFERROR(IF(0=LEN(ReferenceData!$B$16),"",ReferenceData!$B$16),"") | C16: =IFERROR(IF(0=LEN(ReferenceData!$C$16),"",ReferenceData!$C$16),"") | D16: =IFERROR(IF(0=LEN(ReferenceData!$D$16),"",ReferenceData!$D$16),"") | E16: =IFERROR(IF(0=LEN(ReferenceData!$E$16),"",ReferenceData!$E$16),"") -> Static | F16: =IFERROR(IF(0=LEN(ReferenceData!$AO$16),"",ReferenceData!$AO$16),"") -> 41 | G16: =IFERROR(IF(0=LEN(ReferenceData!$AN$16),"",ReferenceData!$AN$16),"") -> 55 | H16: =IFERROR(IF(0=LEN(ReferenceData!$AM$16),"",ReferenceData!$AM$16),"") -> 27 | I16: =IFERROR(IF(0=LEN(ReferenceData!$AL$16),"",ReferenceData!$AL$16),"") -> 50 | J16: =IFERROR(IF(0=LEN(ReferenceData!$AK$16),"",ReferenceData!$AK$16),"") -> 64 | K16: =IFERROR(IF(0=LEN(ReferenceData!$AJ$16),"",ReferenceData!$AJ$16),"") -> 80 | L16: =IFERROR(IF(0=LEN(ReferenceData!$AI$16),"",ReferenceData!$AI$16),"") -> 42 | M16: =IFERROR(IF(0=LEN(ReferenceData!$AH$16),"",ReferenceData!$AH$16),"") -> 63 | N16: =IFERROR(IF(0=LEN(ReferenceData!$AG$16),"",ReferenceData!$AG$16),"") -> 65 | O16: =IFERROR(IF(0=LEN(ReferenceData!$AF$16),"",ReferenceData!$AF$16),"") -> 41 | P16: =IFERROR(IF(0=LEN(ReferenceData!$AE$16),"",ReferenceData!$AE$16),"") -> 42 | Q16: =IFERROR(IF(0=LEN(ReferenceData!$AD$16),"",ReferenceData!$AD$16),"") -> 47 | R16: =IFERROR(IF(0=LEN(ReferenceData!$AC$16),"",ReferenceData!$AC$16),"") -> 44 | S16: =IFERROR(IF(0=LEN(ReferenceData!$AB$16),"",ReferenceData!$AB$16),"") -> 8 | T16: =IFERROR(IF(0=LEN(ReferenceData!$AA$16),"",ReferenceData!$AA$16),"") -> 18 | U16: =IFERROR(IF(0=LEN(ReferenceData!$Z$16),"",ReferenceData!$Z$16),"") -> 49 | V16: =IFERROR(IF(0=LEN(ReferenceData!$Y$16),"",ReferenceData!$Y$16),"") -> 73 | W16: =IFERROR(IF(0=LEN(ReferenceData!$X$16),"",ReferenceData!$X$16),"") -> 62 | X16: =IFERROR(IF(0=LEN(ReferenceData!$W$16),"",ReferenceData!$W$16),"") -> 62 | Y16: =IFERROR(IF(0=LEN(ReferenceData!$V$16),"",ReferenceData!$V$16),"") -> 70 | Z16: =IFERROR(IF(0=LEN(ReferenceData!$U$16),"",ReferenceData!$U$16),"") -> 82 | AA16: =IFERROR(IF(0=LEN(ReferenceData!$T$16),"",ReferenceData!$T$16),"") -> 57 | AB16: =IFERROR(IF(0=LEN(ReferenceData!$S$16),"",ReferenceData!$S$16),"") -> 54 | AC16: =IFERROR(IF(0=LEN(ReferenceData!$R$16),"",ReferenceData!$R$16),"") -> 55 | AD16: =IFERROR(IF(0=LEN(ReferenceData!$Q$16),"",ReferenceData!$Q$16),"") -> 59 | AE16: =IFERROR(IF(0=LEN(ReferenceData!$P$16),"",ReferenceData!$P$16),"") -> 37 | AF16: =IFERROR(IF(0=LEN(ReferenceData!$O$16),"",ReferenceData!$O$16),"") -> 29 | AG16: =IFERROR(IF(0=LEN(ReferenceData!$N$16),"",ReferenceData!$N$16),"") -> 58 | AH16: =IFERROR(IF(0=LEN(ReferenceData!$M$16),"",ReferenceData!$M$16),"") -> 72 | AI16: =IFERROR(IF(0=LEN(ReferenceData!$L$16),"",ReferenceData!$L$16),"") -> 49 | AJ16: =IFERROR(IF(0=LEN(ReferenceData!$K$16),"",ReferenceData!$K$16),"") -> 61 | AK16: =IFERROR(IF(0=LEN(ReferenceData!$J$16),"",ReferenceData!$J$16),"") -> 77 | AL16: =IFERROR(IF(0=LEN(ReferenceData!$I$16),"",ReferenceData!$I$16),"") -> 68 | AM16: =IFERROR(IF(0=LEN(ReferenceData!$H$16),"",ReferenceData!$H$16),"") -> 63 | AN16: =IFERROR(IF(0=LEN(ReferenceData!$G$16),"",ReferenceData!$G$16),"") -> 57 | AO16: =IFERROR(IF(0=LEN(ReferenceData!$F$16),"",ReferenceData!$F$16),"") -> 68
A17: =IFERROR(IF(0=LEN(ReferenceData!$A$17),"",ReferenceData!$A$17),"") -> Increased | B17: =IFERROR(IF(0=LEN(ReferenceData!$B$17),"",ReferenceData!$B$17),"") | C17: =IFERROR(IF(0=LEN(ReferenceData!$C$17),"",ReferenceData!$C$17),"") | D17: =IFERROR(IF(0=LEN(ReferenceData!$D$17),"",ReferenceData!$D$17),"") | E17: =IFERROR(IF(0=LEN(ReferenceData!$E$17),"",ReferenceData!$E$17),"") -> Static | F17: =IFERROR(IF(0=LEN(ReferenceData!$AO$17),"",ReferenceData!$AO$17),"") | G17: =IFERROR(IF(0=LEN(ReferenceData!$AN$17),"",ReferenceData!$AN$17),"") -> 2 | H17: =IFERROR(IF(0=LEN(ReferenceData!$AM$17),"",ReferenceData!$AM$17),"") | I17: =IFERROR(IF(0=LEN(ReferenceData!$AL$17),"",ReferenceData!$AL$17),"") -> 4 | J17: =IFERROR(IF(0=LEN(ReferenceData!$AK$17),"",ReferenceData!$AK$17),"") -> 11 | K17: =IFERROR(IF(0=LEN(ReferenceData!$AJ$17),"",ReferenceData!$AJ$17),"") -> 26 | L17: =IFERROR(IF(0=LEN(ReferenceData!$AI$17),"",ReferenceData!$AI$17),"") -> 15 | M17: =IFERROR(IF(0=LEN(ReferenceData!$AH$17),"",ReferenceData!$AH$17),"") -> 20 | N17: =IFERROR(IF(0=LEN(ReferenceData!$AG$17),"",ReferenceData!$AG$17),"") -> 19 | O17: =IFERROR(IF(0=LEN(ReferenceData!$AF$17),"",ReferenceData!$AF$17),"") -> 15 | P17: =IFERROR(IF(0=LEN(ReferenceData!$AE$17),"",ReferenceData!$AE$17),"") -> 12 | Q17: =IFERROR(IF(0=LEN(ReferenceData!$AD$17),"",ReferenceData!$AD$17),"") -> 16 | R17: =IFERROR(IF(0=LEN(ReferenceData!$AC$17),"",ReferenceData!$AC$17),"") -> 19 | S17: =IFERROR(IF(0=LEN(ReferenceData!$AB$17),"",ReferenceData!$AB$17),"") -> 2 | T17: =IFERROR(IF(0=LEN(ReferenceData!$AA$17),"",ReferenceData!$AA$17),"") -> 6 | U17: =IFERROR(IF(0=LEN(ReferenceData!$Z$17),"",ReferenceData!$Z$17),"") -> 22 | V17: =IFERROR(IF(0=LEN(ReferenceData!$Y$17),"",ReferenceData!$Y$17),"") -> 22 | W17: =IFERROR(IF(0=LEN(ReferenceData!$X$17),"",ReferenceData!$X$17),"") -> 33 | X17: =IFERROR(IF(0=LEN(ReferenceData!$W$17),"",ReferenceData!$W$17),"") -> 34 | Y17: =IFERROR(IF(0=LEN(ReferenceData!$V$17),"",ReferenceData!$V$17),"") -> 45 | Z17: =IFERROR(IF(0=LEN(ReferenceData!$U$17),"",ReferenceData!$U$17),"") -> 39 | AA17: =IFERROR(IF(0=LEN(ReferenceData!$T$17),"",ReferenceData!$T$17),"") -> 25 | AB17: =IFERROR(IF(0=LEN(ReferenceData!$S$17),"",ReferenceData!$S$17),"") -> 20 | AC17: =IFERROR(IF(0=LEN(ReferenceData!$R$17),"",ReferenceData!$R$17),"") -> 26 | AD17: =IFERROR(IF(0=LEN(ReferenceData!$Q$17),"",ReferenceData!$Q$17),"") -> 22 | AE17: =IFERROR(IF(0=LEN(ReferenceData!$P$17),"",ReferenceData!$P$17),"") -> 15 | AF17: =IFERROR(IF(0=LEN(ReferenceData!$O$17),"",ReferenceData!$O$17),"") -> 16 | AG17: =IFERROR(IF(0=LEN(ReferenceData!$N$17),"",ReferenceData!$N$17),"") -> 26 | AH17: =IFERROR(IF(0=LEN(ReferenceData!$M$17),"",ReferenceData!$M$17),"") -> 21 | AI17: =IFERROR(IF(0=LEN(ReferenceData!$L$17),"",ReferenceData!$L$17),"") -> 19 | AJ17: =IFERROR(IF(0=LEN(ReferenceData!$K$17),"",ReferenceData!$K$17),"") -> 27 | AK17: =IFERROR(IF(0=LEN(ReferenceData!$J$17),"",ReferenceData!$J$17),"") -> 39 | AL17: =IFERROR(IF(0=LEN(ReferenceData!$I$17),"",ReferenceData!$I$17),"") -> 20 | AM17: =IFERROR(IF(0=LEN(ReferenceData!$H$17),"",ReferenceData!$H$17),"") -> 28 | AN17: =IFERROR(IF(0=LEN(ReferenceData!$G$17),"",ReferenceData!$G$17),"") -> 30 | AO17: =IFERROR(IF(0=LEN(ReferenceData!$F$17),"",ReferenceData!$F$17),"") -> 32
A18: =IFERROR(IF(0=LEN(ReferenceData!$A$18),"",ReferenceData!$A$18),"") -> Decreased | B18: =IFERROR(IF(0=LEN(ReferenceData!$B$18),"",ReferenceData!$B$18),"") | C18: =IFERROR(IF(0=LEN(ReferenceData!$C$18),"",ReferenceData!$C$18),"") | D18: =IFERROR(IF(0=LEN(ReferenceData!$D$18),"",ReferenceData!$D$18),"") | E18: =IFERROR(IF(0=LEN(ReferenceData!$E$18),"",ReferenceData!$E$18),"") -> Static | F18: =IFERROR(IF(0=LEN(ReferenceData!$AO$18),"",ReferenceData!$AO$18),"") | G18: =IFERROR(IF(0=LEN(ReferenceData!$AN$18),"",ReferenceData!$AN$18),"") -> 1 | H18: =IFERROR(IF(0=LEN(ReferenceData!$AM$18),"",ReferenceData!$AM$18),"") -> 2 | I18: =IFERROR(IF(0=LEN(ReferenceData!$AL$18),"",ReferenceData!$AL$18),"") -> 4 | J18: =IFERROR(IF(0=LEN(ReferenceData!$AK$18),"",ReferenceData!$AK$18),"") -> 7 | K18: =IFERROR(IF(0=LEN(ReferenceData!$AJ$18),"",ReferenceData!$AJ$18),"") -> 16 | L18: =IFERROR(IF(0=LEN(ReferenceData!$AI$18),"",ReferenceData!$AI$18),"") -> 4 | M18: =IFERROR(IF(0=LEN(ReferenceData!$AH$18),"",ReferenceData!$AH$18),"") -> 11 | N18: =IFERROR(IF(0=LEN(ReferenceData!$AG$18),"",ReferenceData!$AG$18),"") -> 17 | O18: =IFERROR(IF(0=LEN(ReferenceData!$AF$18),"",ReferenceData!$AF$18),"") -> 10 | P18: =IFERROR(IF(0=LEN(ReferenceData!$AE$18),"",ReferenceData!$AE$18),"") -> 15 | Q18: =IFERROR(IF(0=LEN(ReferenceData!$AD$18),"",ReferenceData!$AD$18),"") -> 11 | R18: =IFERROR(IF(0=LEN(ReferenceData!$AC$18),"",ReferenceData!$AC$18),"") -> 9 | S18: =IFERROR(IF(0=LEN(ReferenceData!$AB$18),"",ReferenceData!$AB$18),"") -> 2 | T18: =IFERROR(IF(0=LEN(ReferenceData!$AA$18),"",ReferenceData!$AA$18),"") -> 5 | U18: =IFERROR(IF(0=LEN(ReferenceData!$Z$18),"",ReferenceData!$Z$18),"") -> 14 | V18: =IFERROR(IF(0=LEN(ReferenceData!$Y$18),"",ReferenceData!$Y$18),"") -> 28 | W18: =IFERROR(IF(0=LEN(ReferenceData!$X$18),"",ReferenceData!$X$18),"") -> 13 | X18: =IFERROR(IF(0=LEN(ReferenceData!$W$18),"",ReferenceData!$W$18),"") -> 9 | Y18: =IFERROR(IF(0=LEN(ReferenceData!$V$18),"",ReferenceData!$V$18),"") -> 10 | Z18: =IFERROR(IF(0=LEN(ReferenceData!$U$18),"",ReferenceData!$U$18),"") -> 27 | AA18: =IFERROR(IF(0=LEN(ReferenceData!$T$18),"",ReferenceData!$T$18),"") -> 14 | AB18: =IFERROR(IF(0=LEN(ReferenceData!$S$18),"",ReferenceData!$S$18),"") -> 16 | AC18: =IFERROR(IF(0=LEN(ReferenceData!$R$18),"",ReferenceData!$R$18),"") -> 15 | AD18: =IFERROR(IF(0=LEN(ReferenceData!$Q$18),"",ReferenceData!$Q$18),"") -> 20 | AE18: =IFERROR(IF(0=LEN(ReferenceData!$P$18),"",ReferenceData!$P$18),"") -> 11 | AF18: =IFERROR(IF(0=LEN(ReferenceData!$O$18),"",ReferenceData!$O$18),"") -> 9 | AG18: =IFERROR(IF(0=LEN(ReferenceData!$N$18),"",ReferenceData!$N$18),"") -> 15 | AH18: =IFERROR(IF(0=LEN(ReferenceData!$M$18),"",ReferenceData!$M$18),"") -> 30 | AI18: =IFERROR(IF(0=LEN(ReferenceData!$L$18),"",ReferenceData!$L$18),"") -> 15 | AJ18: =IFERROR(IF(0=LEN(ReferenceData!$K$18),"",ReferenceData!$K$18),"") -> 13 | AK18: =IFERROR(IF(0=LEN(ReferenceData!$J$18),"",ReferenceData!$J$18),"") -> 14 | AL18: =IFERROR(IF(0=LEN(ReferenceData!$I$18),"",ReferenceData!$I$18),"") -> 25 | AM18: =IFERROR(IF(0=LEN(ReferenceData!$H$18),"",ReferenceData!$H$18),"") -> 10 | AN18: =IFERROR(IF(0=LEN(ReferenceData!$G$18),"",ReferenceData!$G$18),"") -> 13 | AO18: =IFERROR(IF(0=LEN(ReferenceData!$F$18),"",ReferenceData!$F$18),"") -> 12
A19: =IFERROR(IF(0=LEN(ReferenceData!$A$19),"",ReferenceData!$A$19),"") -> Neutral | B19: =IFERROR(IF(0=LEN(ReferenceData!$B$19),"",ReferenceData!$B$19),"") | C19: =IFERROR(IF(0=LEN(ReferenceData!$C$19),"",ReferenceData!$C$19),"") | D19: =IFERROR(IF(0=LEN(ReferenceData!$D$19),"",ReferenceData!$D$19),"") | E19: =IFERROR(IF(0=LEN(ReferenceData!$E$19),"",ReferenceData!$E$19),"") -> Static | F19: =IFERROR(IF(0=LEN(ReferenceData!$AO$19),"",ReferenceData!$AO$19),"") | G19: =IFERROR(IF(0=LEN(ReferenceData!$AN$19),"",ReferenceData!$AN$19),"") | H19: =IFERROR(IF(0=LEN(ReferenceData!$AM$19),"",ReferenceData!$AM$19),"") -> 2 | I19: =IFERROR(IF(0=LEN(ReferenceData!$AL$19),"",ReferenceData!$AL$19),"") -> 2 | J19: =IFERROR(IF(0=LEN(ReferenceData!$AK$19),"",ReferenceData!$AK$19),"") -> 6 | K19: =IFERROR(IF(0=LEN(ReferenceData!$AJ$19),"",ReferenceData!$AJ$19),"") -> 7 | L19: =IFERROR(IF(0=LEN(ReferenceData!$AI$19),"",ReferenceData!$AI$19),"") -> 2 | M19: =IFERROR(IF(0=LEN(ReferenceData!$AH$19),"",ReferenceData!$AH$19),"") -> 9 | N19: =IFERROR(IF(0=LEN(ReferenceData!$AG$19),"",ReferenceData!$AG$19),"") -> 10 | O19: =IFERROR(IF(0=LEN(ReferenceData!$AF$19),"",ReferenceData!$AF$19),"") -> 6 | P19: =IFERROR(IF(0=LEN(ReferenceData!$AE$19),"",ReferenceData!$AE$19),"") -> 7 | Q19: =IFERROR(IF(0=LEN(ReferenceData!$AD$19),"",ReferenceData!$AD$19),"") -> 8 | R19: =IFERROR(IF(0=LEN(ReferenceData!$AC$19),"",ReferenceData!$AC$19),"") -> 7 | S19: =IFERROR(IF(0=LEN(ReferenceData!$AB$19),"",ReferenceData!$AB$19),"") -> 1 | T19: =IFERROR(IF(0=LEN(ReferenceData!$AA$19),"",ReferenceData!$AA$19),"") -> 3 | U19: =IFERROR(IF(0=LEN(ReferenceData!$Z$19),"",ReferenceData!$Z$19),"") -> 8 | V19: =IFERROR(IF(0=LEN(ReferenceData!$Y$19),"",ReferenceData!$Y$19),"") -> 13 | W19: =IFERROR(IF(0=LEN(ReferenceData!$X$19),"",ReferenceData!$X$19),"") -> 6 | X19: =IFERROR(IF(0=LEN(ReferenceData!$W$19),"",ReferenceData!$W$19),"") -> 6 | Y19: =IFERROR(IF(0=LEN(ReferenceData!$V$19),"",ReferenceData!$V$19),"") -> 5 | Z19: =IFERROR(IF(0=LEN(ReferenceData!$U$19),"",ReferenceData!$U$19),"") -> 4 | AA19: =IFERROR(IF(0=LEN(ReferenceData!$T$19),"",ReferenceData!$T$19),"") -> 13 | AB19: =IFERROR(IF(0=LEN(ReferenceData!$S$19),"",ReferenceData!$S$19),"") -> 9 | AC19: =IFERROR(IF(0=LEN(ReferenceData!$R$19),"",ReferenceData!$R$19),"") -> 11 | AD19: =IFERROR(IF(0=LEN(ReferenceData!$Q$19),"",ReferenceData!$Q$19),"") -> 13 | AE19: =IFERROR(IF(0=LEN(ReferenceData!$P$19),"",ReferenceData!$P$19),"") -> 10 | AF19: =IFERROR(IF(0=LEN(ReferenceData!$O$19),"",ReferenceData!$O$19),"") -> 4 | AG19: =IFERROR(IF(0=LEN(ReferenceData!$N$19),"",ReferenceData!$N$19),"") -> 13 | AH19: =IFERROR(IF(0=LEN(ReferenceData!$M$19),"",ReferenceData!$M$19),"") -> 17 | AI19: =IFERROR(IF(0=LEN(ReferenceData!$L$19),"",ReferenceData!$L$19),"") -> 11 | AJ19: =IFERROR(IF(0=LEN(ReferenceData!$K$19),"",ReferenceData!$K$19),"") -> 16 | AK19: =IFERROR(IF(0=LEN(ReferenceData!$J$19),"",ReferenceData!$J$19),"") -> 17 | AL19: =IFERROR(IF(0=LEN(ReferenceData!$I$19),"",ReferenceData!$I$19),"") -> 19 | AM19: =IFERROR(IF(0=LEN(ReferenceData!$H$19),"",ReferenceData!$H$19),"") -> 19 | AN19: =IFERROR(IF(0=LEN(ReferenceData!$G$19),"",ReferenceData!$G$19),"") -> 12 | AO19: =IFERROR(IF(0=LEN(ReferenceData!$F$19),"",ReferenceData!$F$19),"") -> 19
A20: =IFERROR(IF(0=LEN(ReferenceData!$A$20),"",ReferenceData!$A$20),"") -> New Buyback Programs | B20: =IFERROR(IF(0=LEN(ReferenceData!$B$20),"",ReferenceData!$B$20),"") | C20: =IFERROR(IF(0=LEN(ReferenceData!$C$20),"",ReferenceData!$C$20),"") | D20: =IFERROR(IF(0=LEN(ReferenceData!$D$20),"",ReferenceData!$D$20),"") | E20: =IFERROR(IF(0=LEN(ReferenceData!$E$20),"",ReferenceData!$E$20),"") -> Static | F20: =IFERROR(IF(0=LEN(ReferenceData!$AO$20),"",ReferenceData!$AO$20),"") -> 39 | G20: =IFERROR(IF(0=LEN(ReferenceData!$AN$20),"",ReferenceData!$AN$20),"") -> 50 | H20: =IFERROR(IF(0=LEN(ReferenceData!$AM$20),"",ReferenceData!$AM$20),"") -> 22 | I20: =IFERROR(IF(0=LEN(ReferenceData!$AL$20),"",ReferenceData!$AL$20),"") -> 38 | J20: =IFERROR(IF(0=LEN(ReferenceData!$AK$20),"",ReferenceData!$AK$20),"") -> 35 | K20: =IFERROR(IF(0=LEN(ReferenceData!$AJ$20),"",ReferenceData!$AJ$20),"") -> 28 | L20: =IFERROR(IF(0=LEN(ReferenceData!$AI$20),"",ReferenceData!$AI$20),"") -> 21 | M20: =IFERROR(IF(0=LEN(ReferenceData!$AH$20),"",ReferenceData!$AH$20),"") -> 22 | N20: =IFERROR(IF(0=LEN(ReferenceData!$AG$20),"",ReferenceData!$AG$20),"") -> 17 | O20: =IFERROR(IF(0=LEN(ReferenceData!$AF$20),"",ReferenceData!$AF$20),"") -> 9 | P20: =IFERROR(IF(0=LEN(ReferenceData!$AE$20),"",ReferenceData!$AE$20),"") -> 7 | Q20: =IFERROR(IF(0=LEN(ReferenceData!$AD$20),"",ReferenceData!$AD$20),"") -> 9 | R20: =IFERROR(IF(0=LEN(ReferenceData!$AC$20),"",ReferenceData!$AC$20),"") -> 8 | S20: =IFERROR(IF(0=LEN(ReferenceData!$AB$20),"",ReferenceData!$AB$20),"") -> 2 | T20: =IFERROR(IF(0=LEN(ReferenceData!$AA$20),"",ReferenceData!$AA$20),"") -> 4 | U20: =IFERROR(IF(0=LEN(ReferenceData!$Z$20),"",ReferenceData!$Z$20),"") -> 5 | V20: =IFERROR(IF(0=LEN(ReferenceData!$Y$20),"",ReferenceData!$Y$20),"") -> 6 | W20: =IFERROR(IF(0=LEN(ReferenceData!$X$20),"",ReferenceData!$X$20),"") -> 6 | X20: =IFERROR(IF(0=LEN(ReferenceData!$W$20),"",ReferenceData!$W$20),"") -> 10 | Y20: =IFERROR(IF(0=LEN(ReferenceData!$V$20),"",ReferenceData!$V$20),"") -> 7 | Z20: =IFERROR(IF(0=LEN(ReferenceData!$U$20),"",ReferenceData!$U$20),"") -> 9 | AA20: =IFERROR(IF(0=LEN(ReferenceData!$T$20),"",ReferenceData!$T$20),"") -> 4 | AB20: =IFERROR(IF(0=LEN(ReferenceData!$S$20),"",ReferenceData!$S$20),"") -> 4 | AC20: =IFERROR(IF(0=LEN(ReferenceData!$R$20),"",ReferenceData!$R$20),"") -> 3 | AD20: =IFERROR(IF(0=LEN(ReferenceData!$Q$20),"",ReferenceData!$Q$20),"") -> 2 | AE20: =IFERROR(IF(0=LEN(ReferenceData!$P$20),"",ReferenceData!$P$20),"") -> 1 | AF20: =IFERROR(IF(0=LEN(ReferenceData!$O$20),"",ReferenceData!$O$20),"") | AG20: =IFERROR(IF(0=LEN(ReferenceData!$N$20),"",ReferenceData!$N$20),"") -> 4 | AH20: =IFERROR(IF(0=LEN(ReferenceData!$M$20),"",ReferenceData!$M$20),"") -> 4 | AI20: =IFERROR(IF(0=LEN(ReferenceData!$L$20),"",ReferenceData!$L$20),"") -> 4 | AJ20: =IFERROR(IF(0=LEN(ReferenceData!$K$20),"",ReferenceData!$K$20),"") -> 5 | AK20: =IFERROR(IF(0=LEN(ReferenceData!$J$20),"",ReferenceData!$J$20),"") -> 7 | AL20: =IFERROR(IF(0=LEN(ReferenceData!$I$20),"",ReferenceData!$I$20),"") -> 4 | AM20: =IFERROR(IF(0=LEN(ReferenceData!$H$20),"",ReferenceData!$H$20),"") -> 6 | AN20: =IFERROR(IF(0=LEN(ReferenceData!$G$20),"",ReferenceData!$G$20),"") -> 2 | AO20: =IFERROR(IF(0=LEN(ReferenceData!$F$20),"",ReferenceData!$F$20),"") -> 5
A21: =IFERROR(IF(0=LEN(ReferenceData!$A$21),"",ReferenceData!$A$21),"") -> Suspended | B21: =IFERROR(IF(0=LEN(ReferenceData!$B$21),"",ReferenceData!$B$21),"") | C21: =IFERROR(IF(0=LEN(ReferenceData!$C$21),"",ReferenceData!$C$21),"") | D21: =IFERROR(IF(0=LEN(ReferenceData!$D$21),"",ReferenceData!$D$21),"") | E21: =IFERROR(IF(0=LEN(ReferenceData!$E$21),"",ReferenceData!$E$21),"") -> Static | F21: =IFERROR(IF(0=LEN(ReferenceData!$AO$21),"",ReferenceData!$AO$21),"") | G21: =IFERROR(IF(0=LEN(ReferenceData!$AN$21),"",ReferenceData!$AN$21),"") | H21: =IFERROR(IF(0=LEN(ReferenceData!$AM$21),"",ReferenceData!$AM$21),"") | I21: =IFERROR(IF(0=LEN(ReferenceData!$AL$21),"",ReferenceData!$AL$21),"") | J21: =IFERROR(IF(0=LEN(ReferenceData!$AK$21),"",ReferenceData!$AK$21),"") | K21: =IFERROR(IF(0=LEN(ReferenceData!$AJ$21),"",ReferenceData!$AJ$21),"") | L21: =IFERROR(IF(0=LEN(ReferenceData!$AI$21),"",ReferenceData!$AI$21),"") | M21: =IFERROR(IF(0=LEN(ReferenceData!$AH$21),"",ReferenceData!$AH$21),"") | N21: =IFERROR(IF(0=LEN(ReferenceData!$AG$21),"",ReferenceData!$AG$21),"") | O21: =IFERROR(IF(0=LEN(ReferenceData!$AF$21),"",ReferenceData!$AF$21),"") | P21: =IFERROR(IF(0=LEN(ReferenceData!$AE$21),"",ReferenceData!$AE$21),"") | Q21: =IFERROR(IF(0=LEN(ReferenceData!$AD$21),"",ReferenceData!$AD$21),"") | R21: =IFERROR(IF(0=LEN(ReferenceData!$AC$21),"",ReferenceData!$AC$21),"") -> 7 | S21: =IFERROR(IF(0=LEN(ReferenceData!$AB$21),"",ReferenceData!$AB$21),"") -> 48 | T21: =IFERROR(IF(0=LEN(ReferenceData!$AA$21),"",ReferenceData!$AA$21),"") -> 2 | U21: =IFERROR(IF(0=LEN(ReferenceData!$Z$21),"",ReferenceData!$Z$21),"") | V21: =IFERROR(IF(0=LEN(ReferenceData!$Y$21),"",ReferenceData!$Y$21),"") | W21: =IFERROR(IF(0=LEN(ReferenceData!$X$21),"",ReferenceData!$X$21),"") | X21: =IFERROR(IF(0=LEN(ReferenceData!$W$21),"",ReferenceData!$W$21),"") | Y21: =IFERROR(IF(0=LEN(ReferenceData!$V$21),"",ReferenceData!$V$21),"") | Z21: =IFERROR(IF(0=LEN(ReferenceData!$U$21),"",ReferenceData!$U$21),"") | AA21: =IFERROR(IF(0=LEN(ReferenceData!$T$21),"",ReferenceData!$T$21),"") | AB21: =IFERROR(IF(0=LEN(ReferenceData!$S$21),"",ReferenceData!$S$21),"") | AC21: =IFERROR(IF(0=LEN(ReferenceData!$R$21),"",ReferenceData!$R$21),"") | AD21: =IFERROR(IF(0=LEN(ReferenceData!$Q$21),"",ReferenceData!$Q$21),"") | AE21: =IFERROR(IF(0=LEN(ReferenceData!$P$21),"",ReferenceData!$P$21),"") | AF21: =IFERROR(IF(0=LEN(ReferenceData!$O$21),"",ReferenceData!$O$21),"") | AG21: =IFERROR(IF(0=LEN(ReferenceData!$N$21),"",ReferenceData!$N$21),"") | AH21: =IFERROR(IF(0=LEN(ReferenceData!$M$21),"",ReferenceData!$M$21),"") | AI21: =IFERROR(IF(0=LEN(ReferenceData!$L$21),"",ReferenceData!$L$21),"") | AJ21: =IFERROR(IF(0=LEN(ReferenceData!$K$21),"",ReferenceData!$K$21),"") | AK21: =IFERROR(IF(0=LEN(ReferenceData!$J$21),"",ReferenceData!$J$21),"") | AL21: =IFERROR(IF(0=LEN(ReferenceData!$I$21),"",ReferenceData!$I$21),"") | AM21: =IFERROR(IF(0=LEN(ReferenceData!$H$21),"",ReferenceData!$H$21),"") | AN21: =IFERROR(IF(0=LEN(ReferenceData!$G$21),"",ReferenceData!$G$21),"") | AO21: =IFERROR(IF(0=LEN(ReferenceData!$F$21),"",ReferenceData!$F$21),"")
A22: =IFERROR(IF(0=LEN(ReferenceData!$A$22),"",ReferenceData!$A$22),"") -> Note: First Time Buyback refers to since 2017Q1 | B22: =IFERROR(IF(0=LEN(ReferenceData!$B$22),"",ReferenceData!$B$22),"") | C22: =IFERROR(IF(0=LEN(ReferenceData!$C$22),"",ReferenceData!$C$22),"") | D22: =IFERROR(IF(0=LEN(ReferenceData!$D$22),"",ReferenceData!$D$22),"") | E22: =IFERROR(IF(0=LEN(ReferenceData!$E$22),"",ReferenceData!$E$22),"") -> Heading | F22: =IFERROR(IF(0=LEN(ReferenceData!$AO$22),"",ReferenceData!$AO$22),"") | G22: =IFERROR(IF(0=LEN(ReferenceData!$AN$22),"",ReferenceData!$AN$22),"") | H22: =IFERROR(IF(0=LEN(ReferenceData!$AM$22),"",ReferenceData!$AM$22),"") | I22: =IFERROR(IF(0=LEN(ReferenceData!$AL$22),"",ReferenceData!$AL$22),"") | J22: =IFERROR(IF(0=LEN(ReferenceData!$AK$22),"",ReferenceData!$AK$22),"") | K22: =IFERROR(IF(0=LEN(ReferenceData!$AJ$22),"",ReferenceData!$AJ$22),"") | L22: =IFERROR(IF(0=LEN(ReferenceData!$AI$22),"",ReferenceData!$AI$22),"") | M22: =IFERROR(IF(0=LEN(ReferenceData!$AH$22),"",ReferenceData!$AH$22),"") | N22: =IFERROR(IF(0=LEN(ReferenceData!$AG$22),"",ReferenceData!$AG$22),"") | O22: =IFERROR(IF(0=LEN(ReferenceData!$AF$22),"",ReferenceData!$AF$22),"") | P22: =IFERROR(IF(0=LEN(ReferenceData!$AE$22),"",ReferenceData!$AE$22),"") | Q22: =IFERROR(IF(0=LEN(ReferenceData!$AD$22),"",ReferenceData!$AD$22),"") | R22: =IFERROR(IF(0=LEN(ReferenceData!$AC$22),"",ReferenceData!$AC$22),"") | S22: =IFERROR(IF(0=LEN(ReferenceData!$AB$22),"",ReferenceData!$AB$22),"") | T22: =IFERROR(IF(0=LEN(ReferenceData!$AA$22),"",ReferenceData!$AA$22),"") | U22: =IFERROR(IF(0=LEN(ReferenceData!$Z$22),"",ReferenceData!$Z$22),"") | V22: =IFERROR(IF(0=LEN(ReferenceData!$Y$22),"",ReferenceData!$Y$22),"") | W22: =IFERROR(IF(0=LEN(ReferenceData!$X$22),"",ReferenceData!$X$22),"") | X22: =IFERROR(IF(0=LEN(ReferenceData!$W$22),"",ReferenceData!$W$22),"") | Y22: =IFERROR(IF(0=LEN(ReferenceData!$V$22),"",ReferenceData!$V$22),"") | Z22: =IFERROR(IF(0=LEN(ReferenceData!$U$22),"",ReferenceData!$U$22),"") | AA22: =IFERROR(IF(0=LEN(ReferenceData!$T$22),"",ReferenceData!$T$22),"") | AB22: =IFERROR(IF(0=LEN(ReferenceData!$S$22),"",ReferenceData!$S$22),"") | AC22: =IFERROR(IF(0=LEN(ReferenceData!$R$22),"",ReferenceData!$R$22),"") | AD22: =IFERROR(IF(0=LEN(ReferenceData!$Q$22),"",ReferenceData!$Q$22),"") | AE22: =IFERROR(IF(0=LEN(ReferenceData!$P$22),"",ReferenceData!$P$22),"") | AF22: =IFERROR(IF(0=LEN(ReferenceData!$O$22),"",ReferenceData!$O$22),"") | AG22: =IFERROR(IF(0=LEN(ReferenceData!$N$22),"",ReferenceData!$N$22),"") | AH22: =IFERROR(IF(0=LEN(ReferenceData!$M$22),"",ReferenceData!$M$22),"") | AI22: =IFERROR(IF(0=LEN(ReferenceData!$L$22),"",ReferenceData!$L$22),"") | AJ22: =IFERROR(IF(0=LEN(ReferenceData!$K$22),"",ReferenceData!$K$22),"") | AK22: =IFERROR(IF(0=LEN(ReferenceData!$J$22),"",ReferenceData!$J$22),"") | AL22: =IFERROR(IF(0=LEN(ReferenceData!$I$22),"",ReferenceData!$I$22),"") | AM22: =IFERROR(IF(0=LEN(ReferenceData!$H$22),"",ReferenceData!$H$22),"") | AN22: =IFERROR(IF(0=LEN(ReferenceData!$G$22),"",ReferenceData!$G$22),"") | AO22: =IFERROR(IF(0=LEN(ReferenceData!$F$22),"",ReferenceData!$F$22),"")

Sheet ReferenceData
A2: ="Description" -> Description | B2: ="Ticker" -> Ticker | C2: ="Field ID" -> Field ID | D2: ="Field Mnemonic" -> Field Mnemonic | E2: ="Data State" -> Data State | F2: =ReferenceData!$C$40 -> 2025 Q4 | G2: =ReferenceData!$D$40 -> 2025 Q3 | H2: =ReferenceData!$E$40 -> 2025 Q2 | I2: =ReferenceData!$F$40 -> 2025 Q1 | J2: =ReferenceData!$G$40 -> 2024 Q4 | K2: =ReferenceData!$H$40 -> 2024 Q3 | L2: =ReferenceData!$I$40 -> 2024 Q2 | M2: =ReferenceData!$J$40 -> 2024 Q1 | N2: =ReferenceData!$K$40 -> 2023 Q4 | O2: =ReferenceData!$L$40 -> 2023 Q3 | P2: =ReferenceData!$M$40 -> 2023 Q2 | Q2: =ReferenceData!$N$40 -> 2023 Q1 | R2: =ReferenceData!$O$40 -> 2022 Q4 | S2: =ReferenceData!$P$40 -> 2022 Q3 | T2: =ReferenceData!$Q$40 -> 2022 Q2 | U2: =ReferenceData!$R$40 -> 2022 Q1 | V2: =ReferenceData!$S$40 -> 2021 Q4 | W2: =ReferenceData!$T$40 -> 2021 Q3 | X2: =ReferenceData!$U$40 -> 2021 Q2 | Y2: =ReferenceData!$V$40 -> 2021 Q1 | Z2: =ReferenceData!$W$40 -> 2020 Q4 | AA2: =ReferenceData!$X$40 -> 2020 Q3 | AB2: =ReferenceData!$Y$40 -> 2020 Q2 | AC2: =ReferenceData!$Z$40 -> 2020 Q1 | AD2: =ReferenceData!$AA$40 -> 2019 Q4 | AE2: =ReferenceData!$AB$40 -> 2019 Q3 | AF2: =ReferenceData!$AC$40 -> 2019 Q2 | AG2: =ReferenceData!$AD$40 -> 2019 Q1 | AH2: =ReferenceData!$AE$40 -> 2018 Q4 | AI2: =ReferenceData!$AF$40 -> 2018 Q3 | AJ2: =ReferenceData!$AG$40 -> 2018 Q2 | AK2: =ReferenceData!$AH$40 -> 2018 Q1 | AL2: =ReferenceData!$AI$40 -> 2017 Q4 | AM2: =ReferenceData!$AJ$40 -> 2017 Q3 | AN2: =ReferenceData!$AK$40 -> 2017 Q2 | AO2: =ReferenceData!$AL$40 -> 2017 Q1 | AP2: =$C$40 -> 2025 Q4 | AQ2: =$D$40 -> 2025 Q3 | AR2: =$E$40 -> 2025 Q2 | AS2: =$F$40 -> 2025 Q1 | AT2: =$G$40 -> 2024 Q4 | AU2: =$H$40 -> 2024 Q3 | AV2: =$I$40 -> 2024 Q2 | AW2: =$J$40 -> 2024 Q1 | AX2: =$K$40 -> 2023 Q4 | AY2: =$L$40 -> 2023 Q3 | AZ2: =$M$40 -> 2023 Q2 | BA2: =$N$40 -> 2023 Q1 | BB2: =$O$40 -> 2022 Q4 | BC2: =$P$40 -> 2022 Q3 | BD2: =$Q$40 -> 2022 Q2 | BE2: =$R$40 -> 2022 Q1 | BF2: =$S$40 -> 2021 Q4 | BG2: =$T$40 -> 2021 Q3 | BH2: =$U$40 -> 2021 Q2 | BI2: =$V$40 -> 2021 Q1 | BJ2: =$W$40 -> 2020 Q4 | BK2: =$X$40 -> 2020 Q3 | BL2: =$Y$40 -> 2020 Q2 | BM2: =$Z$40 -> 2020 Q1 | BN2: =$AA$40 -> 2019 Q4 | BO2: =$AB$40 -> 2019 Q3 | BP2: =$AC$40 -> 2019 Q2 | BQ2: =$AD$40 -> 2019 Q1 | BR2: =$AE$40 -> 2018 Q4 | BS2: =$AF$40 -> 2018 Q3 | BT2: =$AG$40 -> 2018 Q2 | BU2: =$AH$40 -> 2018 Q1 | BV2: =$AI$40 -> 2017 Q4 | BW2: =$AJ$40 -> 2017 Q3 | BX2: =$AK$40 -> 2017 Q2 | BY2: =$AL$40 -> 2017 Q1
A3: ="SPX Index Buyback Program Announcements (B$)" -> SPX Index Buyback Program Announcements (B$) | B3: ="" | E3: ="Static" -> Static | F3: =HLOOKUP(INDIRECT(ADDRESS(2,COLUMN())),OFFSET($AP$2,0,0,ROW()-1,36),ROW()-1,FALSE) -> 159.9674 | G3: =HLOOKUP(INDIRECT(ADDRESS(2,COLUMN())),OFFSET($AP$2,0,0,ROW()-1,36),ROW()-1,FALSE) -> 363.3533 | H3: =HLOOKUP(INDIRECT(ADDRESS(2,COLUMN())),OFFSET($AP$2,0,0,ROW()-1,36),ROW()-1,FALSE) -> 402.81508 | I3: =HLOOKUP(INDIRECT(ADDRESS(2,COLUMN())),OFFSET($AP$2,0,0,ROW()-1,36),ROW()-1,FALSE) -> 302.50473 | J3: =HLOOKUP(INDIRECT(ADDRESS(2,COLUMN())),OFFSET($AP$2,0,0,ROW()-1,36),ROW()-1,FALSE) -> 272.7271 | K3: =HLOOKUP(INDIRECT(ADDRESS(2,COLUMN())),OFFSET($AP$2,0,0,ROW()-1,36),ROW()-1,FALSE) -> 240.0716 | L3: =HLOOKUP(INDIRECT(ADDRESS(2,COLUMN())),OFFSET($AP$2,0,0,ROW()-1,36),ROW()-1,FALSE) -> 352.59508 | M3: =HLOOKUP(INDIRECT(ADDRESS(2,COLUMN())),OFFSET($AP$2,0,0,ROW()-1,36),ROW()-1,FALSE) -> 261.91253 | ... AO3: =HLOOKUP(INDIRECT(ADDRESS(2,COLUMN())),OFFSET($AP$2,0,0,ROW()-1,36),ROW()-1,FALSE) -> 82.714319 | AP3: =159.9674 -> 159.9674 | AQ3: =363.3532998 -> 363.3533 | AR3: =402.8150833 -> 402.81508 | AS3: =302.50473 -> 302.50473 | AT3: =272.7271015 -> 272.7271 | AU3: =240.0716 -> 240.0716 | AV3: =352.5950818 -> 352.59508 | AW3: =261.912526 -> 261.91253 | AX3: =197.442558 -> 197.44256 | AY3: =148.0682 -> 148.0682 | AZ3: =252.0948361 -> 252.09484 | BA3: =315.4876568 -> 315.48766 | BB3: =240.6245811 -> 240.62458 | BC3: =176.0029938 -> 176.00299 | BD3: =398.7414431 -> 398.74144 | BE3: =245.464912 -> 245.46491 | BF3: =280.4871367 -> 280.48714 | BG3: =186.6389857 -> 186.63899 | BH3: =367.3035436 -> 367.30354 | BI3: =246.1424617 -> 246.14246 | BJ3: =159.7871323 -> 159.78713 | BK3: =61.60548836 -> 61.605488 | BL3: =59.73173901 -> 59.731739 | BM3: =121.8861985 -> 121.8862 | BN3: =114.1613952 -> 114.1614 | BO3: =143.5353075 -> 143.53531 | BP3: =257.7417924 -> 257.74179 | BQ3: =214.4446111 -> 214.44461 | BR3: =209.923798 -> 209.9238 | BS3: =144.2893 -> 144.2893 | BT3: =417.6861192 -> 417.68612 | BU3: =187.6878169 -> 187.68782 | BV3: =165.0202921 -> 165.02029 | BW3: =62.8611657 -> 62.861166 | BX3: =207.3602799 -> 207.36028 | BY3: =82.7143186 -> 82.714319
A4: =" Latest Update: 6/26" -> Latest Update: 6/26 | B4: ="" | E4: ="Static" -> Static | F4: =HLOOKUP(INDIRECT(ADDRESS(2,COLUMN())),OFFSET($AP$2,0,0,ROW()-1,36),ROW()-1,FALSE) | G4: =HLOOKUP(INDIRECT(ADDRESS(2,COLUMN())),OFFSET($AP$2,0,0,ROW()-1,36),ROW()-1,FALSE) | H4: =HLOOKUP(INDIRECT(ADDRESS(2,COLUMN())),OFFSET($AP$2,0,0,ROW()-1,36),ROW()-1,FALSE) | I4: =HLOOKUP(INDIRECT(ADDRESS(2,COLUMN())),OFFSET($AP$2,0,0,ROW()-1,36),ROW()-1,FALSE) | J4: =HLOOKUP(INDIRECT(ADDRESS(2,COLUMN())),OFFSET($AP$2,0,0,ROW()-1,36),ROW()-1,FALSE) | K4: =HLOOKUP(INDIRECT(ADDRESS(2,COLUMN())),OFFSET($AP$2,0,0,ROW()-1,36),ROW()-1,FALSE) | L4: =HLOOKUP(INDIRECT(ADDRESS(2,COLUMN())),OFFSET($AP$2,0,0,ROW()-1,36),ROW()-1,FALSE) | M4: =HLOOKUP(INDIRECT(ADDRESS(2,COLUMN())),OFFSET($AP$2,0,0,ROW()-1,36),ROW()-1,FALSE) | ... AO4: =HLOOKUP(INDIRECT(ADDRESS(2,COLUMN())),OFFSET($AP$2,0,0,ROW()-1,36),ROW()-1,FALSE) | AP4: ="" | AQ4: ="" | AR4: ="" | AS4: ="" | AT4: ="" | AU4: ="" | AV4: ="" | AW4: ="" | ... BY4: =""
A5: =" Communication Services" -> Communication Services | B5: ="" | E5: ="Static" -> Static | F5: =HLOOKUP(INDIRECT(ADDRESS(2,COLUMN())),OFFSET($AP$2,0,0,ROW()-1,36),ROW()-1,FALSE) -> 2 | G5: =HLOOKUP(INDIRECT(ADDRESS(2,COLUMN())),OFFSET($AP$2,0,0,ROW()-1,36),ROW()-1,FALSE) -> 6.8 | H5: =HLOOKUP(INDIRECT(ADDRESS(2,COLUMN())),OFFSET($AP$2,0,0,ROW()-1,36),ROW()-1,FALSE) -> 70 | I5: =HLOOKUP(INDIRECT(ADDRESS(2,COLUMN())),OFFSET($AP$2,0,0,ROW()-1,36),ROW()-1,FALSE) -> 41.155 | J5: =HLOOKUP(INDIRECT(ADDRESS(2,COLUMN())),OFFSET($AP$2,0,0,ROW()-1,36),ROW()-1,FALSE) -> 15.5 | K5: =HLOOKUP(INDIRECT(ADDRESS(2,COLUMN())),OFFSET($AP$2,0,0,ROW()-1,36),ROW()-1,FALSE) | L5: =HLOOKUP(INDIRECT(ADDRESS(2,COLUMN())),OFFSET($AP$2,0,0,ROW()-1,36),ROW()-1,FALSE) -> 75 | M5: =HLOOKUP(INDIRECT(ADDRESS(2,COLUMN())),OFFSET($AP$2,0,0,ROW()-1,36),ROW()-1,FALSE) -> 105.976 | ... AO5: =HLOOKUP(INDIRECT(ADDRESS(2,COLUMN())),OFFSET($AP$2,0,0,ROW()-1,36),ROW()-1,FALSE) -> 6.3090012 | AP5: =2 -> 2 | AQ5: =6.8 -> 6.8 | AR5: =70 -> 70 | AS5: =41.155 -> 41.155 | AT5: =15.5 -> 15.5 | AU5: ="" | AV5: =75 -> 75 | AW5: =105.976 -> 105.976 | AX5: =10 -> 10 | AY5: =19 -> 19 | AZ5: =71 -> 71 | BA5: =43.34999994 -> 43.35 | BB5: =5.5 -> 5.5 | BC5: =36.60000307 -> 36.600003 | BD5: =70.0125 -> 70.0125 | BE5: =4.062578587 -> 4.0625786 | BF5: =51.3678396 -> 51.36784 | BG5: =2.00000016 -> 2.0000002 | BH5: =67.00000208 -> 67.000002 | BI5: =29 -> 29 | BJ5: =2.600000128 -> 2.6000001 | BK5: =28 -> 28 | BL5: ="" | BM5: =15.94400224 -> 15.944002 | BN5: =2.10000032 -> 2.1000003 | BO5: =2.5 -> 2.5 | BP5: ="" | BQ5: =2.749999552 -> 2.7499996 | BR5: =8.999995424 -> 8.9999954 | BS5: ="" | BT5: =11.39999606 -> 11.399996 | BU5: =9.139870216 -> 9.1398702 | BV5: ="" | BW5: ="" | BX5: =1.20000032 -> 1.2000003 | BY5: =6.309001242 -> 6.3090012
A6: =" Consumer Discretionary" -> Consumer Discretionary | B6: ="" | E6: ="Static" -> Static | F6: =HLOOKUP(INDIRECT(ADDRESS(2,COLUMN())),OFFSET($AP$2,0,0,ROW()-1,36),ROW()-1,FALSE) -> 11.3 | G6: =HLOOKUP(INDIRECT(ADDRESS(2,COLUMN())),OFFSET($AP$2,0,0,ROW()-1,36),ROW()-1,FALSE) -> 17.66475 | H6: =HLOOKUP(INDIRECT(ADDRESS(2,COLUMN())),OFFSET($AP$2,0,0,ROW()-1,36),ROW()-1,FALSE) -> 15.5 | I6: =HLOOKUP(INDIRECT(ADDRESS(2,COLUMN())),OFFSET($AP$2,0,0,ROW()-1,36),ROW()-1,FALSE) -> 48.19078 | J6: =HLOOKUP(INDIRECT(ADDRESS(2,COLUMN())),OFFSET($AP$2,0,0,ROW()-1,36),ROW()-1,FALSE) -> 22.65 | K6: =HLOOKUP(INDIRECT(ADDRESS(2,COLUMN())),OFFSET($AP$2,0,0,ROW()-1,36),ROW()-1,FALSE) -> 9.4 | L6: =HLOOKUP(INDIRECT(ADDRESS(2,COLUMN())),OFFSET($AP$2,0,0,ROW()-1,36),ROW()-1,FALSE) -> 12.0662 | M6: =HLOOKUP(INDIRECT(ADDRESS(2,COLUMN())),OFFSET($AP$2,0,0,ROW()-1,36),ROW()-1,FALSE) -> 25.204 | ... AO6: =HLOOKUP(INDIRECT(ADDRESS(2,COLUMN())),OFFSET($AP$2,0,0,ROW()-1,36),ROW()-1,FALSE) -> 39.579597 | AP6: =11.3 -> 11.3 | AQ6: =17.66475 -> 17.66475 | AR6: =15.5 -> 15.5 | AS6: =48.19078 -> 48.19078 | AT6: =22.65 -> 22.65 | AU6: =9.4 -> 9.4 | AV6: =12.0662 -> 12.0662 | AW6: =25.204 -> 25.204 | AX6: =34.92944 -> 34.92944 | AY6: =15.6 -> 15.6 | AZ6: =7.4136 -> 7.4136 | BA6: =24.00500275 -> 24.005003 | BB6: =25.64949708 -> 25.649497 | BC6: =19.40000032 -> 19.4 | BD6: =28.89620008 -> 28.8962 | BE6: =47.58489998 -> 47.5849 | BF6: =21.62799962 -> 21.628 | BG6: =8.349998756 -> 8.3499988 | BH6: =31.63071911 -> 31.630719 | BI6: =16.16825106 -> 16.168251 | BJ6: =18.2999997 -> 18.3 | BK6: ="" | BL6: ="" | BM6: =20.4281009 -> 20.428101 | BN6: =21.86119753 -> 21.861198 | BO6: =2.50000032 -> 2.5000003 | BP6: =19.59999998 -> 19.6 | BQ6: =38.98889806 -> 38.988898 | BR6: =14.00000209 -> 14.000002 | BS6: =5.350000104 -> 5.3500001 | BT6: =32.19969903 -> 32.199699 | BU6: =18.74829867 -> 18.748299 | BV6: =23.16429717 -> 23.164297 | BW6: =23.49004969 -> 23.49005 | BX6: =3.20000013 -> 3.2000001 | BY6: =39.57959663 -> 39.579597
A7: =" Consumer Staples" -> Consumer Staples | B7: ="" | E7: ="Static" -> Static | F7: =HLOOKUP(INDIRECT(ADDRESS(2,COLUMN())),OFFSET($AP$2,0,0,ROW()-1,36),ROW()-1,FALSE) -> 4.4 | G7: =HLOOKUP(INDIRECT(ADDRESS(2,COLUMN())),OFFSET($AP$2,0,0,ROW()-1,36),ROW()-1,FALSE) -> 6.117 | H7: =HLOOKUP(INDIRECT(ADDRESS(2,COLUMN())),OFFSET($AP$2,0,0,ROW()-1,36),ROW()-1,FALSE) -> 4 | I7: =HLOOKUP(INDIRECT(ADDRESS(2,COLUMN())),OFFSET($AP$2,0,0,ROW()-1,36),ROW()-1,FALSE) -> 6 | J7: =HLOOKUP(INDIRECT(ADDRESS(2,COLUMN())),OFFSET($AP$2,0,0,ROW()-1,36),ROW()-1,FALSE) -> 22.792 | K7: =HLOOKUP(INDIRECT(ADDRESS(2,COLUMN())),OFFSET($AP$2,0,0,ROW()-1,36),ROW()-1,FALSE) -> 0.5 | L7: =HLOOKUP(INDIRECT(ADDRESS(2,COLUMN())),OFFSET($AP$2,0,0,ROW()-1,36),ROW()-1,FALSE) -> 3.5 | M7: =HLOOKUP(INDIRECT(ADDRESS(2,COLUMN())),OFFSET($AP$2,0,0,ROW()-1,36),ROW()-1,FALSE) -> 6.4 | ... AO7: =HLOOKUP(INDIRECT(ADDRESS(2,COLUMN())),OFFSET($AP$2,0,0,ROW()-1,36),ROW()-1,FALSE) -> 3.4999999 | AP7: =4.4 -> 4.4 | AQ7: =6.117 -> 6.117 | AR7: =4 -> 4 | AS7: =6 -> 6 | AT7: =22.792 -> 22.792 | AU7: =0.5 -> 0.5 | AV7: =3.5 -> 3.5 | AW7: =6.4 -> 6.4 | AX7: =8.40463 -> 8.40463 | AY7: =6 -> 6 | AZ7: =1.7 -> 1.7 | BA7: =10.99999821 -> 10.999998 | BB7: =22.00000008 -> 22 | BC7: =11.00000028 -> 11 | BD7: =7.604001486 -> 7.6040015 | BE7: =15.20000004 -> 15.2 | BF7: =6.864849928 -> 6.8648499 | BG7: =26.54999847 -> 26.549998 | BH7: =13.75000055 -> 13.750001 | BI7: =33.46040522 -> 33.460405 | BJ7: =4.578150636 -> 4.5781506 | BK7: =11.99999914 -> 11.999999 | BL7: ="" | BM7: =0.50000008 -> 0.50000008 | BN7: =3.10000037 -> 3.1000004 | BO7: =12.33000192 -> 12.330002 | BP7: =4 -> 4 | BQ7: =8.379002044 -> 8.379002 | BR7: =5.4976 -> 5.4976 | BS7: =1.2000002 -> 1.2000002 | BT7: =19.50000296 -> 19.500003 | BU7: =27.24999753 -> 27.249998 | BV7: =23.10000288 -> 23.100003 | BW7: =1.00000013 -> 1.0000001 | BX7: =8.000001218 -> 8.0000012 | BY7: =3.499999872 -> 3.4999999
A8: =" Energy" -> Energy | B8: ="" | E8: ="Static" -> Static | F8: =HLOOKUP(INDIRECT(ADDRESS(2,COLUMN())),OFFSET($AP$2,0,0,ROW()-1,36),ROW()-1,FALSE) | G8: =HLOOKUP(INDIRECT(ADDRESS(2,COLUMN())),OFFSET($AP$2,0,0,ROW()-1,36),ROW()-1,FALSE) -> 3 | H8: =HLOOKUP(INDIRECT(ADDRESS(2,COLUMN())),OFFSET($AP$2,0,0,ROW()-1,36),ROW()-1,FALSE) | I8: =HLOOKUP(INDIRECT(ADDRESS(2,COLUMN())),OFFSET($AP$2,0,0,ROW()-1,36),ROW()-1,FALSE) | J8: =HLOOKUP(INDIRECT(ADDRESS(2,COLUMN())),OFFSET($AP$2,0,0,ROW()-1,36),ROW()-1,FALSE) -> 56.2 | K8: =HLOOKUP(INDIRECT(ADDRESS(2,COLUMN())),OFFSET($AP$2,0,0,ROW()-1,36),ROW()-1,FALSE) -> 8 | L8: =HLOOKUP(INDIRECT(ADDRESS(2,COLUMN())),OFFSET($AP$2,0,0,ROW()-1,36),ROW()-1,FALSE) -> 5 | M8: =HLOOKUP(INDIRECT(ADDRESS(2,COLUMN())),OFFSET($AP$2,0,0,ROW()-1,36),ROW()-1,FALSE) -> 4.5 | ... AO8: =HLOOKUP(INDIRECT(ADDRESS(2,COLUMN())),OFFSET($AP$2,0,0,ROW()-1,36),ROW()-1,FALSE) -> 2.999999 | AP8: ="" | AQ8: =3 -> 3 | AR8: ="" | AS8: ="" | AT8: =56.2 -> 56.2 | AU8: =8 -> 8 | AV8: =5 -> 5 | AW8: =4.5 -> 4.5 | AX8: =7.5 -> 7.5 | AY8: =2.5 -> 2.5 | AZ8: =11.00000014 -> 11 | BA8: =89.5000087 -> 89.500009 | BB8: =51.30000211 -> 51.300002 | BC8: =12.01680039 -> 12.0168 | BD8: =21.76000211 -> 21.760002 | BE8: =23.85000141 -> 23.850001 | BF8: =8.439999918 -> 8.4399999 | BG8: =5.499999872 -> 5.4999999 | BH8: =8.02661499 -> 8.026615 | BI8: ="" | BJ8: ="" | BK8: ="" | BL8: ="" | BM8: =10.00000106 -> 10.000001 | BN8: =3.999999264 -> 3.9999993 | BO8: =1.428999823 -> 1.4289998 | BP8: =2.00000032 -> 2.0000003 | BQ8: =25.9999904 -> 25.99999 | BR8: =2.80000048 -> 2.8000005 | BS8: =10.95619573 -> 10.956196 | BT8: =7.999998984 -> 7.999999 | BU8: =4.751500617 -> 4.7515006 | BV8: =5.999998088 -> 5.9999981 | BW8: =2.00000032 -> 2.0000003 | BX8: =3.499999064 -> 3.4999991 | BY8: =2.999998984 -> 2.999999
A9: =" Financials" -> Financials | B9: ="" | E9: ="Static" -> Static | F9: =HLOOKUP(INDIRECT(ADDRESS(2,COLUMN())),OFFSET($AP$2,0,0,ROW()-1,36),ROW()-1,FALSE) -> 68.8008 | G9: =HLOOKUP(INDIRECT(ADDRESS(2,COLUMN())),OFFSET($AP$2,0,0,ROW()-1,36),ROW()-1,FALSE) -> 147.805 | H9: =HLOOKUP(INDIRECT(ADDRESS(2,COLUMN())),OFFSET($AP$2,0,0,ROW()-1,36),ROW()-1,FALSE) -> 138.49675 | I9: =HLOOKUP(INDIRECT(ADDRESS(2,COLUMN())),OFFSET($AP$2,0,0,ROW()-1,36),ROW()-1,FALSE) -> 80.4066 | J9: =HLOOKUP(INDIRECT(ADDRESS(2,COLUMN())),OFFSET($AP$2,0,0,ROW()-1,36),ROW()-1,FALSE) -> 35.54574 | K9: =HLOOKUP(INDIRECT(ADDRESS(2,COLUMN())),OFFSET($AP$2,0,0,ROW()-1,36),ROW()-1,FALSE) -> 46.5 | L9: =HLOOKUP(INDIRECT(ADDRESS(2,COLUMN())),OFFSET($AP$2,0,0,ROW()-1,36),ROW()-1,FALSE) -> 77.149 | M9: =HLOOKUP(INDIRECT(ADDRESS(2,COLUMN())),OFFSET($AP$2,0,0,ROW()-1,36),ROW()-1,FALSE) -> 13.658526 | ... AO9: =HLOOKUP(INDIRECT(ADDRESS(2,COLUMN())),OFFSET($AP$2,0,0,ROW()-1,36),ROW()-1,FALSE) -> 9.7000005 | AP9: =68.8008 -> 68.8008 | AQ9: =147.805 -> 147.805 | AR9: =138.49675 -> 138.49675 | AS9: =80.4066 -> 80.4066 | AT9: =35.54574 -> 35.54574 | AU9: =46.5 -> 46.5 | AV9: =77.149 -> 77.149 | AW9: =13.658526 -> 13.658526 | AX9: =39.821888 -> 39.821888 | AY9: =41.85 -> 41.85 | AZ9: =42.21175013 -> 42.21175 | BA9: =78.08894694 -> 78.088947 | BB9: =32.60858132 -> 32.608581 | BC9: =26.14999619 -> 26.149996 | BD9: =104.1475944 -> 104.14759 | BE9: =24.50999733 -> 24.509997 | BF9: =57.48304965 -> 57.48305 | BG9: =34.98900041 -> 34.989 | BH9: =62.84375968 -> 62.84376 | BI9: =57.42347682 -> 57.423477 | BJ9: =71.53162723 -> 71.531627 | BK9: =10.75400099 -> 10.754001 | BL9: =6.831760033 -> 6.83176 | BM9: =26.36749517 -> 26.367495 | BN9: =20.6001917 -> 20.600192 | BO9: =37.62630093 -> 37.626301 | BP9: =123.9434938 -> 123.94349 | BQ9: =25.77722126 -> 25.777221 | BR9: =39.87599751 -> 39.875998 | BS9: =16.84270267 -> 16.842703 | BT9: =128.6256844 -> 128.62568 | BU9: =36.7380954 -> 36.738095 | BV9: =14.75300153 -> 14.753002 | BW9: =15.00326667 -> 15.003267 | BX9: =118.7574965 -> 118.7575 | BY9: =9.70000054 -> 9.7000005
A10: =" Health Care" -> Health Care | B10: ="" | E10: ="Static" -> Static | F10: =HLOOKUP(INDIRECT(ADDRESS(2,COLUMN())),OFFSET($AP$2,0,0,ROW()-1,36),ROW()-1,FALSE) -> 16.125 | G10: =HLOOKUP(INDIRECT(ADDRESS(2,COLUMN())),OFFSET($AP$2,0,0,ROW()-1,36),ROW()-1,FALSE) -> 17.30155 | H10: =HLOOKUP(INDIRECT(ADDRESS(2,COLUMN())),OFFSET($AP$2,0,0,ROW()-1,36),ROW()-1,FALSE) -> 12.75 | I10: =HLOOKUP(INDIRECT(ADDRESS(2,COLUMN())),OFFSET($AP$2,0,0,ROW()-1,36),ROW()-1,FALSE) -> 36.0408 | J10: =HLOOKUP(INDIRECT(ADDRESS(2,COLUMN())),OFFSET($AP$2,0,0,ROW()-1,36),ROW()-1,FALSE) -> 59.081877 | K10: =HLOOKUP(INDIRECT(ADDRESS(2,COLUMN())),OFFSET($AP$2,0,0,ROW()-1,36),ROW()-1,FALSE) -> 25.0836 | L10: =HLOOKUP(INDIRECT(ADDRESS(2,COLUMN())),OFFSET($AP$2,0,0,ROW()-1,36),ROW()-1,FALSE) -> 8.672 | M10: =HLOOKUP(INDIRECT(ADDRESS(2,COLUMN())),OFFSET($AP$2,0,0,ROW()-1,36),ROW()-1,FALSE) -> 23.2 | ... AO10: =HLOOKUP(INDIRECT(ADDRESS(2,COLUMN())),OFFSET($AP$2,0,0,ROW()-1,36),ROW()-1,FALSE) -> 7.7499996 | AP10: =16.125 -> 16.125 | AQ10: =17.30155 -> 17.30155 | AR10: =12.75 -> 12.75 | AS10: =36.0408 -> 36.0408 | AT10: =59.0818775 -> 59.081877 | AU10: =25.0836 -> 25.0836 | AV10: =8.672 -> 8.672 | AW10: =23.2 -> 23.2 | AX10: =25.65 -> 25.65 | AY10: =13 -> 13 | AZ10: =4.6 -> 4.6 | BA10: =29.39999918 -> 29.399999 | BB10: =21.20000099 -> 21.200001 | BC10: =18.60000109 -> 18.600001 | BD10: =4 -> 4 | BE10: =23.06258153 -> 23.062582 | BF10: =59.94079442 -> 59.940794 | BG10: =6.999999264 -> 6.9999993 | BH10: =10.89999979 -> 10.9 | BI10: =26.89999799 -> 26.899998 | BJ10: =16.16865477 -> 16.168655 | BK10: =1.30148866 -> 1.3014887 | BL10: =0.50000008 -> 0.50000008 | BM10: =13.41640107 -> 13.416401 | BN10: =20.90000096 -> 20.900001 | BO10: =5.70000053 -> 5.7000005 | BP10: =6.000000688 -> 6.0000007 | BQ10: =22.79999959 -> 22.8 | BR10: =44.25000482 -> 44.250005 | BS10: =14.25000159 -> 14.250002 | BT10: =45.96500455 -> 45.965005 | BU10: =25.0000019 -> 25.000002 | BV10: =29.65300351 -> 29.653004 | BW10: =0.400000065 -> 0.40000007 | BX10: =6.730841128 -> 6.7308411 | BY10: =7.749999569 -> 7.7499996
A11: =" Industrials" -> Industrials | B11: ="" | E11: ="Static" -> Static | F11: =HLOOKUP(INDIRECT(ADDRESS(2,COLUMN())),OFFSET($AP$2,0,0,ROW()-1,36),ROW()-1,FALSE) -> 28.8916 | G11: =HLOOKUP(INDIRECT(ADDRESS(2,COLUMN())),OFFSET($AP$2,0,0,ROW()-1,36),ROW()-1,FALSE) -> 66.948 | H11: =HLOOKUP(INDIRECT(ADDRESS(2,COLUMN())),OFFSET($AP$2,0,0,ROW()-1,36),ROW()-1,FALSE) -> 18.307542 | I11: =HLOOKUP(INDIRECT(ADDRESS(2,COLUMN())),OFFSET($AP$2,0,0,ROW()-1,36),ROW()-1,FALSE) -> 17.88655 | J11: =HLOOKUP(INDIRECT(ADDRESS(2,COLUMN())),OFFSET($AP$2,0,0,ROW()-1,36),ROW()-1,FALSE) -> 25.6766 | K11: =HLOOKUP(INDIRECT(ADDRESS(2,COLUMN())),OFFSET($AP$2,0,0,ROW()-1,36),ROW()-1,FALSE) -> 11.3 | L11: =HLOOKUP(INDIRECT(ADDRESS(2,COLUMN())),OFFSET($AP$2,0,0,ROW()-1,36),ROW()-1,FALSE) -> 27.1416 | M11: =HLOOKUP(INDIRECT(ADDRESS(2,COLUMN())),OFFSET($AP$2,0,0,ROW()-1,36),ROW()-1,FALSE) -> 36.9324 | ... AO11: =HLOOKUP(INDIRECT(ADDRESS(2,COLUMN())),OFFSET($AP$2,0,0,ROW()-1,36),ROW()-1,FALSE) -> 4.8241003 | AP11: =28.8916 -> 28.8916 | AQ11: =66.94799976 -> 66.948 | AR11: =18.3075418 -> 18.307542 | AS11: =17.88655 -> 17.88655 | AT11: =25.6766 -> 25.6766 | AU11: =11.3 -> 11.3 | AV11: =27.1416 -> 27.1416 | AW11: =36.9324 -> 36.9324 | AX11: =31.6466 -> 31.6466 | AY11: =11.1782 -> 11.1782 | AZ11: =10.87537 -> 10.87537 | BA11: =8.643700966 -> 8.643701 | BB11: =58.25000032 -> 58.25 | BC11: =8.44992934 -> 8.4499293 | BD11: =21.268258 -> 21.268258 | BE11: =60.58985308 -> 60.589853 | BF11: =17.01259893 -> 17.012599 | BG11: =18.79999999 -> 18.8 | BH11: =11.38270115 -> 11.382701 | BI11: =28.52233009 -> 28.52233 | BJ11: =16.80870143 -> 16.808701 | BK11: =2.300000164 -> 2.3000002 | BL11: =0.7 -> 0.7 | BM11: =9.037201475 -> 9.0372015 | BN11: =17.00000233 -> 17.000002 | BO11: =11.00000019 -> 11 | BP11: =17.99579259 -> 17.995793 | BQ11: =44.23550629 -> 44.235506 | BR11: =42.90020373 -> 42.900204 | BS11: =16.20000113 -> 16.200001 | BT11: =11.05518165 -> 11.055182 | BU11: =7.653200101 -> 7.6532001 | BV11: =34.14999213 -> 34.149992 | BW11: =11.96785175 -> 11.967852 | BX11: =11.19704103 -> 11.197041 | BY11: =4.824100257 -> 4.8241003
A12: =" Information Technology" -> Information Technology | B12: ="" | E12: ="Static" -> Static | F12: =HLOOKUP(INDIRECT(ADDRESS(2,COLUMN())),OFFSET($AP$2,0,0,ROW()-1,36),ROW()-1,FALSE) -> 19.7 | G12: =HLOOKUP(INDIRECT(ADDRESS(2,COLUMN())),OFFSET($AP$2,0,0,ROW()-1,36),ROW()-1,FALSE) -> 93.813 | H12: =HLOOKUP(INDIRECT(ADDRESS(2,COLUMN())),OFFSET($AP$2,0,0,ROW()-1,36),ROW()-1,FALSE) -> 136.05 | I12: =HLOOKUP(INDIRECT(ADDRESS(2,COLUMN())),OFFSET($AP$2,0,0,ROW()-1,36),ROW()-1,FALSE) -> 61.75 | J12: =HLOOKUP(INDIRECT(ADDRESS(2,COLUMN())),OFFSET($AP$2,0,0,ROW()-1,36),ROW()-1,FALSE) -> 22.780884 | K12: =HLOOKUP(INDIRECT(ADDRESS(2,COLUMN())),OFFSET($AP$2,0,0,ROW()-1,36),ROW()-1,FALSE) -> 136.21 | L12: =HLOOKUP(INDIRECT(ADDRESS(2,COLUMN())),OFFSET($AP$2,0,0,ROW()-1,36),ROW()-1,FALSE) -> 134.45 | M12: =HLOOKUP(INDIRECT(ADDRESS(2,COLUMN())),OFFSET($AP$2,0,0,ROW()-1,36),ROW()-1,FALSE) -> 40.4167 | ... AO12: =HLOOKUP(INDIRECT(ADDRESS(2,COLUMN())),OFFSET($AP$2,0,0,ROW()-1,36),ROW()-1,FALSE) -> 4.5410003 | AP12: =19.7 -> 19.7 | AQ12: =93.813 -> 93.813 | AR12: =136.05 -> 136.05 | AS12: =61.75 -> 61.75 | AT12: =22.780884 -> 22.780884 | AU12: =136.21 -> 136.21 | AV12: =134.45 -> 134.45 | AW12: =40.4167 -> 40.4167 | AX12: =21.04 -> 21.04 | AY12: =36.94 -> 36.94 | AZ12: =94.50001575 -> 94.500016 | BA12: =30.15000016 -> 30.15 | BB12: =9.80300026 -> 9.8030003 | BC12: =34.25726249 -> 34.257262 | BD12: =129.0000121 -> 129.00001 | BE12: =33.40499981 -> 33.405 | BF12: =40.2500032 -> 40.250003 | BG12: =77.04998862 -> 77.049989 | BH12: =154.9401543 -> 154.94015 | BI12: =35.89700073 -> 35.897001 | BJ12: =26.74999812 -> 26.749998 | BK12: =1.249999841 -> 1.2499998 | BL12: =50.69997874 -> 50.699979 | BM12: =25.94299645 -> 25.942996 | BN12: =23.00000253 -> 23.000003 | BO12: =68.10000351 -> 68.100004 | BP12: =77.00000518 -> 77.000005 | BQ12: =31.92499281 -> 31.924993 | BR12: =44.89999431 -> 44.899994 | BS12: =74.12499823 -> 74.124998 | BT12: =153.4999634 -> 153.49996 | BU12: =53.85685209 -> 53.856852 | BV12: =24.49999539 -> 24.499995 | BW12: =8.999997072 -> 8.9999971 | BX12: =45.50000176 -> 45.500002 | BY12: =4.541000259 -> 4.5410003
A13: =" Materials" -> Materials | B13: ="" | E13: ="Static" -> Static | F13: =HLOOKUP(INDIRECT(ADDRESS(2,COLUMN())),OFFSET($AP$2,0,0,ROW()-1,36),ROW()-1,FALSE) -> 2 | G13: =HLOOKUP(INDIRECT(ADDRESS(2,COLUMN())),OFFSET($AP$2,0,0,ROW()-1,36),ROW()-1,FALSE) -> 3.5 | H13: =HLOOKUP(INDIRECT(ADDRESS(2,COLUMN())),OFFSET($AP$2,0,0,ROW()-1,36),ROW()-1,FALSE) -> 4.9107915 | I13: =HLOOKUP(INDIRECT(ADDRESS(2,COLUMN())),OFFSET($AP$2,0,0,ROW()-1,36),ROW()-1,FALSE) -> 3.7132 | J13: =HLOOKUP(INDIRECT(ADDRESS(2,COLUMN())),OFFSET($AP$2,0,0,ROW()-1,36),ROW()-1,FALSE) -> 5 | K13: =HLOOKUP(INDIRECT(ADDRESS(2,COLUMN())),OFFSET($AP$2,0,0,ROW()-1,36),ROW()-1,FALSE) -> 1.623 | L13: =HLOOKUP(INDIRECT(ADDRESS(2,COLUMN())),OFFSET($AP$2,0,0,ROW()-1,36),ROW()-1,FALSE) -> 8.6162818 | M13: =HLOOKUP(INDIRECT(ADDRESS(2,COLUMN())),OFFSET($AP$2,0,0,ROW()-1,36),ROW()-1,FALSE) -> 2.5 | ... AO13: =HLOOKUP(INDIRECT(ADDRESS(2,COLUMN())),OFFSET($AP$2,0,0,ROW()-1,36),ROW()-1,FALSE) -> 2.5106211 | AP13: =2 -> 2 | AQ13: =3.5 -> 3.5 | AR13: =4.910791529 -> 4.9107915 | AS13: =3.7132 -> 3.7132 | AT13: =5 -> 5 | AU13: =1.623 -> 1.623 | AV13: =8.61628175 -> 8.6162818 | AW13: =2.5 -> 2.5 | AX13: =16.5 -> 16.5 | AY13: =2 -> 2 | AZ13: =7.094100103 -> 7.0941001 | BA13: =0.1 -> 0.1 | BB13: =10.81349899 -> 10.813499 | BC13: =6.400000385 -> 6.4000004 | BD13: =10.05287495 -> 10.052875 | BE13: =13.20000019 -> 13.2 | BF13: =13.0000009 -> 13.000001 | BG13: =4.900000112 -> 4.9000001 | BH13: =6.829591975 -> 6.829592 | BI13: =18.52099975 -> 18.521 | BJ13: =0.15000004 -> 0.15000004 | BK13: =0.500000065 -> 0.50000007 | BL13: ="" | BM13: ="" | BN13: =1.00000016 -> 1.0000002 | BO13: =0.50000008 -> 0.50000008 | BP13: =7.202499872 -> 7.2024999 | BQ13: =9.539000668 -> 9.5390007 | BR13: =6.199999564 -> 6.1999996 | BS13: =2.00000032 -> 2.0000003 | BT13: =6.940588069 -> 6.9405881 | BU13: =2 -> 2 | BV13: =6.800000969 -> 6.800001 | BW13: ="" | BX13: =3.288097404 -> 3.2880974 | BY13: =2.510621084 -> 2.5106211
A14: =" Real Estate" -> Real Estate | B14: ="" | E14: ="Static" -> Static | F14: =HLOOKUP(INDIRECT(ADDRESS(2,COLUMN())),OFFSET($AP$2,0,0,ROW()-1,36),ROW()-1,FALSE) -> 2.75 | G14: =HLOOKUP(INDIRECT(ADDRESS(2,COLUMN())),OFFSET($AP$2,0,0,ROW()-1,36),ROW()-1,FALSE) | H14: =HLOOKUP(INDIRECT(ADDRESS(2,COLUMN())),OFFSET($AP$2,0,0,ROW()-1,36),ROW()-1,FALSE) -> 2.8 | I14: =HLOOKUP(INDIRECT(ADDRESS(2,COLUMN())),OFFSET($AP$2,0,0,ROW()-1,36),ROW()-1,FALSE) -> 5.5 | J14: =HLOOKUP(INDIRECT(ADDRESS(2,COLUMN())),OFFSET($AP$2,0,0,ROW()-1,36),ROW()-1,FALSE) -> 5.5 | K14: =HLOOKUP(INDIRECT(ADDRESS(2,COLUMN())),OFFSET($AP$2,0,0,ROW()-1,36),ROW()-1,FALSE) -> 0.75 | L14: =HLOOKUP(INDIRECT(ADDRESS(2,COLUMN())),OFFSET($AP$2,0,0,ROW()-1,36),ROW()-1,FALSE) | M14: =HLOOKUP(INDIRECT(ADDRESS(2,COLUMN())),OFFSET($AP$2,0,0,ROW()-1,36),ROW()-1,FALSE) -> 2.7709 | ... AO14: =HLOOKUP(INDIRECT(ADDRESS(2,COLUMN())),OFFSET($AP$2,0,0,ROW()-1,36),ROW()-1,FALSE) -> 1.0000002 | AP14: =2.75 -> 2.75 | AQ14: ="" | AR14: =2.8 -> 2.8 | AS14: =5.5 -> 5.5 | AT14: =5.5 -> 5.5 | AU14: =0.75 -> 0.75 | AV14: ="" | AW14: =2.7709 -> 2.7709 | AX14: ="" | AY14: ="" | AZ14: ="" | BA14: =0.25 -> 0.25 | BB14: =3.5 -> 3.5 | BC14: =3.12900026 -> 3.1290003 | BD14: =2 -> 2 | BE14: ="" | BF14: =3.00000048 -> 3.0000005 | BG14: =1 -> 1 | BH14: ="" | BI14: =0.25000004 -> 0.25000004 | BJ14: =1.900000145 -> 1.9000001 | BK14: =0.50000008 -> 0.50000008 | BL14: =1.00000016 -> 1.0000002 | BM14: =0.25000004 -> 0.25000004 | BN14: =0.600000065 -> 0.60000007 | BO14: =1.60000016 -> 1.6000002 | BP14: ="" | BQ14: =3.05000032 -> 3.0500003 | BR14: =0.500000065 -> 0.50000007 | BS14: ="" | BT14: =0.500000065 -> 0.50000007 | BU14: =1.55000024 -> 1.5500002 | BV14: =2.900000465 -> 2.9000005 | BW14: ="" | BX14: ="" | BY14: =1.00000016 -> 1.0000002
A15: =" Utilities" -> Utilities | B15: ="" | E15: ="Static" -> Static | F15: =HLOOKUP(INDIRECT(ADDRESS(2,COLUMN())),OFFSET($AP$2,0,0,ROW()-1,36),ROW()-1,FALSE) -> 4 | G15: =HLOOKUP(INDIRECT(ADDRESS(2,COLUMN())),OFFSET($AP$2,0,0,ROW()-1,36),ROW()-1,FALSE) -> 0.404 | H15: =HLOOKUP(INDIRECT(ADDRESS(2,COLUMN())),OFFSET($AP$2,0,0,ROW()-1,36),ROW()-1,FALSE) | I15: =HLOOKUP(INDIRECT(ADDRESS(2,COLUMN())),OFFSET($AP$2,0,0,ROW()-1,36),ROW()-1,FALSE) -> 0.075 | J15: =HLOOKUP(INDIRECT(ADDRESS(2,COLUMN())),OFFSET($AP$2,0,0,ROW()-1,36),ROW()-1,FALSE) -> 2 | K15: =HLOOKUP(INDIRECT(ADDRESS(2,COLUMN())),OFFSET($AP$2,0,0,ROW()-1,36),ROW()-1,FALSE) -> 0.705 | L15: =HLOOKUP(INDIRECT(ADDRESS(2,COLUMN())),OFFSET($AP$2,0,0,ROW()-1,36),ROW()-1,FALSE) -> 1 | M15: =HLOOKUP(INDIRECT(ADDRESS(2,COLUMN())),OFFSET($AP$2,0,0,ROW()-1,36),ROW()-1,FALSE) -> 0.354 | ... AO15: =HLOOKUP(INDIRECT(ADDRESS(2,COLUMN())),OFFSET($AP$2,0,0,ROW()-1,36),ROW()-1,FALSE) | AP15: =4 -> 4 | AQ15: =0.404 -> 0.404 | AR15: ="" | AS15: =0.075 -> 0.075 | AT15: =2 -> 2 | AU15: =0.705 -> 0.705 | AV15: =1 -> 1 | AW15: =0.354 -> 0.354 | AX15: =1.95 -> 1.95 | AY15: ="" | AZ15: =1.7 -> 1.7 | BA15: =1 -> 1 | BB15: ="" | BC15: ="" | BD15: ="" | BE15: ="" | BF15: =1.5 -> 1.5 | BG15: =0.50000008 -> 0.50000008 | BH15: ="" | BI15: ="" | BJ15: =1.00000013 -> 1.0000001 | BK15: =4.999999424 -> 4.9999994 | BL15: ="" | BM15: ="" | BN15: ="" | BO15: =0.250000033 -> 0.25000003 | BP15: ="" | BQ15: =1.00000013 -> 1.0000001 | BR15: ="" | BS15: =3.3654 -> 3.3654 | BT15: ="" | BU15: =1.00000016 -> 1.0000002 | BV15: ="" | BW15: ="" | BX15: =5.98680133 -> 5.9868013 | BY15: =""
A16: ="Buyback Program Announcements" -> Buyback Program Announcements | B16: ="" | E16: ="Static" -> Static | F16: =HLOOKUP(INDIRECT(ADDRESS(2,COLUMN())),OFFSET($AP$2,0,0,ROW()-1,36),ROW()-1,FALSE) -> 68 | G16: =HLOOKUP(INDIRECT(ADDRESS(2,COLUMN())),OFFSET($AP$2,0,0,ROW()-1,36),ROW()-1,FALSE) -> 57 | H16: =HLOOKUP(INDIRECT(ADDRESS(2,COLUMN())),OFFSET($AP$2,0,0,ROW()-1,36),ROW()-1,FALSE) -> 63 | I16: =HLOOKUP(INDIRECT(ADDRESS(2,COLUMN())),OFFSET($AP$2,0,0,ROW()-1,36),ROW()-1,FALSE) -> 68 | J16: =HLOOKUP(INDIRECT(ADDRESS(2,COLUMN())),OFFSET($AP$2,0,0,ROW()-1,36),ROW()-1,FALSE) -> 77 | K16: =HLOOKUP(INDIRECT(ADDRESS(2,COLUMN())),OFFSET($AP$2,0,0,ROW()-1,36),ROW()-1,FALSE) -> 61 | L16: =HLOOKUP(INDIRECT(ADDRESS(2,COLUMN())),OFFSET($AP$2,0,0,ROW()-1,36),ROW()-1,FALSE) -> 49 | M16: =HLOOKUP(INDIRECT(ADDRESS(2,COLUMN())),OFFSET($AP$2,0,0,ROW()-1,36),ROW()-1,FALSE) -> 72 | ... AO16: =HLOOKUP(INDIRECT(ADDRESS(2,COLUMN())),OFFSET($AP$2,0,0,ROW()-1,36),ROW()-1,FALSE) -> 41 | AP16: =68 -> 68 | AQ16: =57 -> 57 | AR16: =63 -> 63 | AS16: =68 -> 68 | AT16: =77 -> 77 | AU16: =61 -> 61 | AV16: =49 -> 49 | AW16: =72 -> 72 | AX16: =58 -> 58 | AY16: =29 -> 29 | AZ16: =37 -> 37 | BA16: =59 -> 59 | BB16: =55 -> 55 | BC16: =54 -> 54 | BD16: =57 -> 57 | BE16: =82 -> 82 | BF16: =70 -> 70 | BG16: =62 -> 62 | BH16: =62 -> 62 | BI16: =73 -> 73 | BJ16: =49 -> 49 | BK16: =18 -> 18 | BL16: =8 -> 8 | BM16: =44 -> 44 | BN16: =47 -> 47 | BO16: =42 -> 42 | BP16: =41 -> 41 | BQ16: =65 -> 65 | BR16: =63 -> 63 | BS16: =42 -> 42 | BT16: =80 -> 80 | BU16: =64 -> 64 | BV16: =50 -> 50 | BW16: =27 -> 27 | BX16: =55 -> 55 | BY16: =41 -> 41
A17: =" Increased" -> Increased | B17: ="" | E17: ="Static" -> Static | F17: =HLOOKUP(INDIRECT(ADDRESS(2,COLUMN())),OFFSET($AP$2,0,0,ROW()-1,36),ROW()-1,FALSE) -> 32 | G17: =HLOOKUP(INDIRECT(ADDRESS(2,COLUMN())),OFFSET($AP$2,0,0,ROW()-1,36),ROW()-1,FALSE) -> 30 | H17: =HLOOKUP(INDIRECT(ADDRESS(2,COLUMN())),OFFSET($AP$2,0,0,ROW()-1,36),ROW()-1,FALSE) -> 28 | I17: =HLOOKUP(INDIRECT(ADDRESS(2,COLUMN())),OFFSET($AP$2,0,0,ROW()-1,36),ROW()-1,FALSE) -> 20 | J17: =HLOOKUP(INDIRECT(ADDRESS(2,COLUMN())),OFFSET($AP$2,0,0,ROW()-1,36),ROW()-1,FALSE) -> 39 | K17: =HLOOKUP(INDIRECT(ADDRESS(2,COLUMN())),OFFSET($AP$2,0,0,ROW()-1,36),ROW()-1,FALSE) -> 27 | L17: =HLOOKUP(INDIRECT(ADDRESS(2,COLUMN())),OFFSET($AP$2,0,0,ROW()-1,36),ROW()-1,FALSE) -> 19 | M17: =HLOOKUP(INDIRECT(ADDRESS(2,COLUMN())),OFFSET($AP$2,0,0,ROW()-1,36),ROW()-1,FALSE) -> 21 | ... AO17: =HLOOKUP(INDIRECT(ADDRESS(2,COLUMN())),OFFSET($AP$2,0,0,ROW()-1,36),ROW()-1,FALSE) | AP17: =32 -> 32 | AQ17: =30 -> 30 | AR17: =28 -> 28 | AS17: =20 -> 20 | AT17: =39 -> 39 | AU17: =27 -> 27 | AV17: =19 -> 19 | AW17: =21 -> 21 | AX17: =26 -> 26 | AY17: =16 -> 16 | AZ17: =15 -> 15 | BA17: =22 -> 22 | BB17: =26 -> 26 | BC17: =20 -> 20 | BD17: =25 -> 25 | BE17: =39 -> 39 | BF17: =45 -> 45 | BG17: =34 -> 34 | BH17: =33 -> 33 | BI17: =22 -> 22 | BJ17: =22 -> 22 | BK17: =6 -> 6 | BL17: =2 -> 2 | BM17: =19 -> 19 | BN17: =16 -> 16 | BO17: =12 -> 12 | BP17: =15 -> 15 | BQ17: =19 -> 19 | BR17: =20 -> 20 | BS17: =15 -> 15 | BT17: =26 -> 26 | BU17: =11 -> 11 | BV17: =4 -> 4 | BW17: ="" | BX17: =2 -> 2 | BY17: =""
A18: =" Decreased" -> Decreased | B18: ="" | E18: ="Static" -> Static | F18: =HLOOKUP(INDIRECT(ADDRESS(2,COLUMN())),OFFSET($AP$2,0,0,ROW()-1,36),ROW()-1,FALSE) -> 12 | G18: =HLOOKUP(INDIRECT(ADDRESS(2,COLUMN())),OFFSET($AP$2,0,0,ROW()-1,36),ROW()-1,FALSE) -> 13 | H18: =HLOOKUP(INDIRECT(ADDRESS(2,COLUMN())),OFFSET($AP$2,0,0,ROW()-1,36),ROW()-1,FALSE) -> 10 | I18: =HLOOKUP(INDIRECT(ADDRESS(2,COLUMN())),OFFSET($AP$2,0,0,ROW()-1,36),ROW()-1,FALSE) -> 25 | J18: =HLOOKUP(INDIRECT(ADDRESS(2,COLUMN())),OFFSET($AP$2,0,0,ROW()-1,36),ROW()-1,FALSE) -> 14 | K18: =HLOOKUP(INDIRECT(ADDRESS(2,COLUMN())),OFFSET($AP$2,0,0,ROW()-1,36),ROW()-1,FALSE) -> 13 | L18: =HLOOKUP(INDIRECT(ADDRESS(2,COLUMN())),OFFSET($AP$2,0,0,ROW()-1,36),ROW()-1,FALSE) -> 15 | M18: =HLOOKUP(INDIRECT(ADDRESS(2,COLUMN())),OFFSET($AP$2,0,0,ROW()-1,36),ROW()-1,FALSE) -> 30 | ... AO18: =HLOOKUP(INDIRECT(ADDRESS(2,COLUMN())),OFFSET($AP$2,0,0,ROW()-1,36),ROW()-1,FALSE) | AP18: =12 -> 12 | AQ18: =13 -> 13 | AR18: =10 -> 10 | AS18: =25 -> 25 | AT18: =14 -> 14 | AU18: =13 -> 13 | AV18: =15 -> 15 | AW18: =30 -> 30 | AX18: =15 -> 15 | AY18: =9 -> 9 | AZ18: =11 -> 11 | BA18: =20 -> 20 | BB18: =15 -> 15 | BC18: =16 -> 16 | BD18: =14 -> 14 | BE18: =27 -> 27 | BF18: =10 -> 10 | BG18: =9 -> 9 | BH18: =13 -> 13 | BI18: =28 -> 28 | BJ18: =14 -> 14 | BK18: =5 -> 5 | BL18: =2 -> 2 | BM18: =9 -> 9 | BN18: =11 -> 11 | BO18: =15 -> 15 | BP18: =10 -> 10 | BQ18: =17 -> 17 | BR18: =11 -> 11 | BS18: =4 -> 4 | BT18: =16 -> 16 | BU18: =7 -> 7 | BV18: =4 -> 4 | BW18: =2 -> 2 | BX18: =1 -> 1 | BY18: =""
A19: =" Neutral" -> Neutral | B19: ="" | E19: ="Static" -> Static | F19: =HLOOKUP(INDIRECT(ADDRESS(2,COLUMN())),OFFSET($AP$2,0,0,ROW()-1,36),ROW()-1,FALSE) -> 19 | G19: =HLOOKUP(INDIRECT(ADDRESS(2,COLUMN())),OFFSET($AP$2,0,0,ROW()-1,36),ROW()-1,FALSE) -> 12 | H19: =HLOOKUP(INDIRECT(ADDRESS(2,COLUMN())),OFFSET($AP$2,0,0,ROW()-1,36),ROW()-1,FALSE) -> 19 | I19: =HLOOKUP(INDIRECT(ADDRESS(2,COLUMN())),OFFSET($AP$2,0,0,ROW()-1,36),ROW()-1,FALSE) -> 19 | J19: =HLOOKUP(INDIRECT(ADDRESS(2,COLUMN())),OFFSET($AP$2,0,0,ROW()-1,36),ROW()-1,FALSE) -> 17 | K19: =HLOOKUP(INDIRECT(ADDRESS(2,COLUMN())),OFFSET($AP$2,0,0,ROW()-1,36),ROW()-1,FALSE) -> 16 | L19: =HLOOKUP(INDIRECT(ADDRESS(2,COLUMN())),OFFSET($AP$2,0,0,ROW()-1,36),ROW()-1,FALSE) -> 11 | M19: =HLOOKUP(INDIRECT(ADDRESS(2,COLUMN())),OFFSET($AP$2,0,0,ROW()-1,36),ROW()-1,FALSE) -> 17 | ... AO19: =HLOOKUP(INDIRECT(ADDRESS(2,COLUMN())),OFFSET($AP$2,0,0,ROW()-1,36),ROW()-1,FALSE) | AP19: =19 -> 19 | AQ19: =12 -> 12 | AR19: =19 -> 19 | AS19: =19 -> 19 | AT19: =17 -> 17 | AU19: =16 -> 16 | AV19: =11 -> 11 | AW19: =17 -> 17 | AX19: =13 -> 13 | AY19: =4 -> 4 | AZ19: =10 -> 10 | BA19: =13 -> 13 | BB19: =11 -> 11 | BC19: =9 -> 9 | BD19: =13 -> 13 | BE19: =4 -> 4 | BF19: =5 -> 5 | BG19: =6 -> 6 | BH19: =6 -> 6 | BI19: =13 -> 13 | BJ19: =8 -> 8 | BK19: =3 -> 3 | BL19: =1 -> 1 | BM19: =7 -> 7 | BN19: =8 -> 8 | BO19: =7 -> 7 | BP19: =6 -> 6 | BQ19: =10 -> 10 | BR19: =9 -> 9 | BS19: =2 -> 2 | BT19: =7 -> 7 | BU19: =6 -> 6 | BV19: =2 -> 2 | BW19: =2 -> 2 | BX19: ="" | BY19: =""
A20: =" New Buyback Programs" -> New Buyback Programs | B20: ="" | E20: ="Static" -> Static | F20: =HLOOKUP(INDIRECT(ADDRESS(2,COLUMN())),OFFSET($AP$2,0,0,ROW()-1,36),ROW()-1,FALSE) -> 5 | G20: =HLOOKUP(INDIRECT(ADDRESS(2,COLUMN())),OFFSET($AP$2,0,0,ROW()-1,36),ROW()-1,FALSE) -> 2 | H20: =HLOOKUP(INDIRECT(ADDRESS(2,COLUMN())),OFFSET($AP$2,0,0,ROW()-1,36),ROW()-1,FALSE) -> 6 | I20: =HLOOKUP(INDIRECT(ADDRESS(2,COLUMN())),OFFSET($AP$2,0,0,ROW()-1,36),ROW()-1,FALSE) -> 4 | J20: =HLOOKUP(INDIRECT(ADDRESS(2,COLUMN())),OFFSET($AP$2,0,0,ROW()-1,36),ROW()-1,FALSE) -> 7 | K20: =HLOOKUP(INDIRECT(ADDRESS(2,COLUMN())),OFFSET($AP$2,0,0,ROW()-1,36),ROW()-1,FALSE) -> 5 | L20: =HLOOKUP(INDIRECT(ADDRESS(2,COLUMN())),OFFSET($AP$2,0,0,ROW()-1,36),ROW()-1,FALSE) -> 4 | M20: =HLOOKUP(INDIRECT(ADDRESS(2,COLUMN())),OFFSET($AP$2,0,0,ROW()-1,36),ROW()-1,FALSE) -> 4 | ... AO20: =HLOOKUP(INDIRECT(ADDRESS(2,COLUMN())),OFFSET($AP$2,0,0,ROW()-1,36),ROW()-1,FALSE) -> 39 | AP20: =5 -> 5 | AQ20: =2 -> 2 | AR20: =6 -> 6 | AS20: =4 -> 4 | AT20: =7 -> 7 | AU20: =5 -> 5 | AV20: =4 -> 4 | AW20: =4 -> 4 | AX20: =4 -> 4 | AY20: ="" | AZ20: =1 -> 1 | BA20: =2 -> 2 | BB20: =3 -> 3 | BC20: =4 -> 4 | BD20: =4 -> 4 | BE20: =9 -> 9 | BF20: =7 -> 7 | BG20: =10 -> 10 | BH20: =6 -> 6 | BI20: =6 -> 6 | BJ20: =5 -> 5 | BK20: =4 -> 4 | BL20: =2 -> 2 | BM20: =8 -> 8 | BN20: =9 -> 9 | BO20: =7 -> 7 | BP20: =9 -> 9 | BQ20: =17 -> 17 | BR20: =22 -> 22 | BS20: =21 -> 21 | BT20: =28 -> 28 | BU20: =35 -> 35 | BV20: =38 -> 38 | BW20: =22 -> 22 | BX20: =50 -> 50 | BY20: =39 -> 39
A21: =" Suspended" -> Suspended | B21: ="" | E21: ="Static" -> Static | F21: =HLOOKUP(INDIRECT(ADDRESS(2,COLUMN())),OFFSET($AP$2,0,0,ROW()-1,36),ROW()-1,FALSE) | G21: =HLOOKUP(INDIRECT(ADDRESS(2,COLUMN())),OFFSET($AP$2,0,0,ROW()-1,36),ROW()-1,FALSE) | H21: =HLOOKUP(INDIRECT(ADDRESS(2,COLUMN())),OFFSET($AP$2,0,0,ROW()-1,36),ROW()-1,FALSE) | I21: =HLOOKUP(INDIRECT(ADDRESS(2,COLUMN())),OFFSET($AP$2,0,0,ROW()-1,36),ROW()-1,FALSE) | J21: =HLOOKUP(INDIRECT(ADDRESS(2,COLUMN())),OFFSET($AP$2,0,0,ROW()-1,36),ROW()-1,FALSE) | K21: =HLOOKUP(INDIRECT(ADDRESS(2,COLUMN())),OFFSET($AP$2,0,0,ROW()-1,36),ROW()-1,FALSE) | L21: =HLOOKUP(INDIRECT(ADDRESS(2,COLUMN())),OFFSET($AP$2,0,0,ROW()-1,36),ROW()-1,FALSE) | M21: =HLOOKUP(INDIRECT(ADDRESS(2,COLUMN())),OFFSET($AP$2,0,0,ROW()-1,36),ROW()-1,FALSE) | ... AO21: =HLOOKUP(INDIRECT(ADDRESS(2,COLUMN())),OFFSET($AP$2,0,0,ROW()-1,36),ROW()-1,FALSE) | AP21: ="" | AQ21: ="" | AR21: ="" | AS21: ="" | AT21: ="" | AU21: ="" | AV21: ="" | AW21: ="" | ... BJ21: ="" | BK21: =2 -> 2 | BL21: =48 -> 48 | BM21: =7 -> 7 | BN21: ="" | BO21: ="" | BP21: ="" | BQ21: ="" | BR21: ="" | BS21: ="" | BT21: ="" | BU21: ="" | ... BY21: =""
A22: ="Note: First Time Buyback refers to since 2017Q1" -> Note: First Time Buyback refers to since 2017Q1 | B22: ="" | E22: ="Heading" -> Heading | AP22: ="" | AQ22: ="" | AR22: ="" | AS22: ="" | AT22: ="" | AU22: ="" | AV22: ="" | AW22: ="" | ... BY22: =""
AP23: ="" | AQ23: ="" | AR23: ="" | AS23: ="" | AT23: ="" | AU23: ="" | AV23: ="" | AW23: ="" | ... BY23: =""
AP24: ="" | AQ24: ="" | AR24: ="" | AS24: ="" | AT24: ="" | AU24: ="" | AV24: ="" | AW24: ="" | ... BY24: =""
AP25: ="" | AQ25: ="" | AR25: ="" | AS25: ="" | AT25: ="" | AU25: ="" | AV25: ="" | AW25: ="" | ... BY25: =""
AP26: ="" | AQ26: ="" | AR26: ="" | AS26: ="" | AT26: ="" | AU26: ="" | AV26: ="" | AW26: ="" | ... BY26: =""
AP27: ="" | AQ27: ="" | AR27: ="" | AS27: ="" | AT27: ="" | AU27: ="" | AV27: ="" | AW27: ="" | ... BY27: =""
AP28: ="" | AQ28: ="" | AR28: ="" | AS28: ="" | AT28: ="" | AU28: ="" | AV28: ="" | AW28: ="" | ... BY28: =""
AP29: ="" | AQ29: ="" | AR29: ="" | AS29: ="" | AT29: ="" | AU29: ="" | AV29: ="" | AW29: ="" | ... BY29: =""
A30: ="~~~~~~~~~~" -> ~~~~~~~~~~ | B30: ="~~~~~~~~~~" -> ~~~~~~~~~~ | C30: ="~~~~~~~~~~" -> ~~~~~~~~~~ | D30: ="~~~~~~~~~~" -> ~~~~~~~~~~ | E30: ="~~~~~~~~~~" -> ~~~~~~~~~~ | F30: ="~~~~~~~~~~" -> ~~~~~~~~~~ | G30: ="~~~~~~~~~~" -> ~~~~~~~~~~ | H30: ="~~~~~~~~~~" -> ~~~~~~~~~~ | ... AO30: ="~~~~~~~~~~" -> ~~~~~~~~~~ | AP30: ="" | AQ30: ="" | AR30: ="" | AS30: ="" | AT30: ="" | AU30: ="" | AV30: ="" | AW30: ="" | ... BY30: =""
A31: ="All rows below have been added for reference by formula rows above." -> All rows below have been added for reference by formula rows above. | AP31: ="" | AQ31: ="" | AR31: ="" | AS31: ="" | AT31: ="" | AU31: ="" | AV31: ="" | AW31: ="" | ... BY31: =""
A32: =RTD("bloomberg.ccyreader", "", "#track", "DBG", "BIHITX", "1.0","RepeatHit") -> #N/A | AP32: ="" | AQ32: ="" | AR32: ="" | AS32: ="" | AT32: ="" | AU32: ="" | AV32: ="" | AW32: ="" | ... BY32: =""
A33: ="Currency" -> Currency | B33: ="USD" -> USD | AP33: ="" | AQ33: ="" | AR33: ="" | AS33: ="" | AT33: ="" | AU33: ="" | AV33: ="" | AW33: ="" | ... BY33: =""
A34: ="Periodicity" -> Periodicity | B34: ="CQ" -> CQ | C34: ="AQ" -> AQ | AP34: ="" | AQ34: ="" | AR34: ="" | AS34: ="" | AT34: ="" | AU34: ="" | AV34: ="" | AW34: ="" | ... BY34: =""
A35: ="Number of Periods" -> Number of Periods | B35: =36 -> 36 | AP35: ="" | AQ35: ="" | AR35: ="" | AS35: ="" | AT35: ="" | AU35: ="" | AV35: ="" | AW35: ="" | ... BY35: =""
A36: ="Start Date" -> Start Date | B36: =CONCATENATE("-",$B$35,$B$34) -> -36CQ | C36: =CONCATENATE("-",$B$35,$C$34) -> -36AQ | AP36: ="" | AQ36: ="" | AR36: ="" | AS36: ="" | AT36: ="" | AU36: ="" | AV36: ="" | AW36: ="" | ... BY36: =""
A37: ="End Date" -> End Date | B37: =TODAY() -> 46066 | AP37: ="" | AQ37: ="" | AR37: ="" | AS37: ="" | AT37: ="" | AU37: ="" | AV37: ="" | AW37: ="" | ... BY37: =""
A38: ="HeaderStatus" -> HeaderStatus | B38: =$B$40*$B$40 -> 4 | AP38: ="" | AQ38: ="" | AR38: ="" | AS38: ="" | AT38: ="" | AU38: ="" | AV38: ="" | AW38: ="" | ... BY38: =""
AP39: ="" | AQ39: ="" | AR39: ="" | AS39: ="" | AT39: ="" | AU39: ="" | AV39: ="" | AW39: ="" | ... BY39: =""
A40: ="Snapshot header" -> Snapshot header | B40: =2 -> 2 | C40: ="2025 Q4" -> 2025 Q4 | D40: ="2025 Q3" -> 2025 Q3 | E40: ="2025 Q2" -> 2025 Q2 | F40: ="2025 Q1" -> 2025 Q1 | G40: ="2024 Q4" -> 2024 Q4 | H40: ="2024 Q3" -> 2024 Q3 | I40: ="2024 Q2" -> 2024 Q2 | J40: ="2024 Q1" -> 2024 Q1 | K40: ="2023 Q4" -> 2023 Q4 | L40: ="2023 Q3" -> 2023 Q3 | M40: ="2023 Q2" -> 2023 Q2 | N40: ="2023 Q1" -> 2023 Q1 | O40: ="2022 Q4" -> 2022 Q4 | P40: ="2022 Q3" -> 2022 Q3 | Q40: ="2022 Q2" -> 2022 Q2 | R40: ="2022 Q1" -> 2022 Q1 | S40: ="2021 Q4" -> 2021 Q4 | T40: ="2021 Q3" -> 2021 Q3 | U40: ="2021 Q2" -> 2021 Q2 | V40: ="2021 Q1" -> 2021 Q1 | W40: ="2020 Q4" -> 2020 Q4 | X40: ="2020 Q3" -> 2020 Q3 | Y40: ="2020 Q2" -> 2020 Q2 | Z40: ="2020 Q1" -> 2020 Q1 | AA40: ="2019 Q4" -> 2019 Q4 | AB40: ="2019 Q3" -> 2019 Q3 | AC40: ="2019 Q2" -> 2019 Q2 | AD40: ="2019 Q1" -> 2019 Q1 | AE40: ="2018 Q4" -> 2018 Q4 | AF40: ="2018 Q3" -> 2018 Q3 | AG40: ="2018 Q2" -> 2018 Q2 | AH40: ="2018 Q1" -> 2018 Q1 | AI40: ="2017 Q4" -> 2017 Q4 | AJ40: ="2017 Q3" -> 2017 Q3 | AK40: ="2017 Q2" -> 2017 Q2 | AL40: ="2017 Q1" -> 2017 Q1 | AP40: ="" | AQ40: ="" | AR40: ="" | AS40: ="" | AT40: ="" | AU40: ="" | AV40: ="" | AW40: ="" | ... BY40: =""
A41: ="No error found" -> No error found | B41: ="" | C41: ="" | D41: ="" | E41: ="" | AP41: ="" | AQ41: ="" | AR41: ="" | AS41: ="" | AT41: ="" | AU41: ="" | AV41: ="" | AW41: ="" | ... BY41: =""

Sheet Help-Reference
A2: **IMPORTANT NOTE**
A3: This document, the information contained herein and any derived information created therefrom are for the exclusive use of INSTITUTO13 INSTITUTO13 at INSTITUTO DE EMPRESA SLU.
A5: ~~~~~~~~~~~~~~~~~~~~~~~~~~~~~~~~~~~~~~~~~~~~~~~~~~~~~~~~~~~~~~~~~~~~~~~~~~~~~~~~~~~~~~~~~~~~~~~~~~~~~~~~~~~~~~~~~~~~~~~~~~~~~~~~~~~~~~~~~~~~~~~~~~~~~~~~~~~~~~~~
A6: **REFERENCE**
A7: Spreadsheets generated from the BI Excel export can be used as reference tables to fuel various models and other sheets on your desktop.
A8: Automated model building or 'drag and drop' from the BI export sheet are not supported at this time, but using the BI export
A9: as a reference table for use in other spreadsheets is a powerful and convenient tool to help achieve your goals.
A11: --The BI Excel export sheet typically contains two data tabs (certain BI modules like those in the 'Monitor' section on BI will only result in a single 'Sheet 1' data tab):
A12: 1) 'BIData': This is the fully curated grid that is meant to be a clean, simple, synchronized match to what is seen on the BI dashboard.
A13: The grid on the 'BIData' tab can be used as a reference table for use in your models and other downstream spreadsheets.
A14: 2) 'ReferenceData': This is the tab where all the raw data is housed and data preparation is done. There are typically 2 separate grids here:
A15: a top curated grid that includes error handling, expressions, etc., and a bottom raw grid that includes any/all live API information for this export.
... A33: If you experience any issues with the BI Excel export process or results, run the BI<GO> function on your Bloomberg terminal, and then hit the <HELP> key twice.
